"species_id","scientific_name"
"1","Jacaranda mimosifolia"
"2","Kunzea ambigua"
"3","Brachychiton acerifolius"
"4","Banksia marginata"
"5","Dillwynia retorta"
"6","Doryanthes excelsa"
"7","Stenocarpus sinuatus"
"8","Hakea lorea"
"9","Philotheca buxifolia subsp. buxifolia"
"10","Ceratopetalum gummiferum"
"11","Athrotaxis cupressoides"
"12","Indigofera australis"
"13","Corymbia calophylla"
"14","Leptospermum laevigatum"
"15","Grevillea robusta"
"16","Quercus robur"
"17","Acacia suaveolens"
"18","Plantago lanceolata"
"19","Hibbertia hypericoides"
"20","Ipomoea muelleri"
"21","Epacris longiflora"
"22","Cochlospermum fraseri"
"23","Grevillea speciosa"
"24","Spathodea campanulata"
"25","Swainsona formosa"
"26","Bursaria spinosa subsp. spinosa"
"27","Athrotaxis selaginoides"
"28","Acacia implexa"
"29","Adansonia gregorii"
"30","Melia azedarach"
"31","Epacris purpurascens"
"32","Tetratheca juncea"
"33","Adiantum aethiopicum"
"34","Nymphoides crenata"
"35","Hardenbergia violacea"
"36","Eucalyptus resinifera"
"37","Eucalyptus paniculata"
"38","Philotheca scabra subsp. scabra"
"39","Goodenia paniculata"
"40","Pterostylis acuminata"
"41","Tragopogon porrifolius"
"42","Romulea rosea"
"43","Phyllota phylicoides"
"44","Cortaderia selloana"
"45","Solanum pseudocapsicum"
"46","Ehrharta erecta"
"47","Solanum mauritianum"
"48","Olea europaea"
"49","Banksia integrifolia"
"50","Pultenaea daphnoides"
"51","Alternanthera pungens"
"52","Notelaea longifolia"
"53","Nymphaea mexicana"
"54","Acacia hispidula"
"55","Banksia spinulosa"
"56","Pultenaea villosa"
"57","Acianthus pusillus"
"58","Aegiceras corniculatum"
"59","Lobelia andrewsii"
"60","Arctotheca calendula"
"61","Calotis cuneifolia"
"62","Passiflora suberosa"
"63","Pittosporum undulatum"
"64","Persoonia levis"
"65","Acacia saligna"
"66","Petrophile sessilis"
"67","Gompholobium glabratum"
"68","Brunoniella australis"
"69","Bossiaea heterophylla"
"70","Acacia longifolia"
"71","Brachyloma daphnoides"
"72","Dodonaea triquetra"
"73","Exocarpos cupressiformis"
"74","Hypericum perforatum"
"75","Cirsium vulgare"
"76","Eucalyptus moluccana"
"77","Cheilanthes sieberi"
"78","Euchiton sphaericus"
"79","Grevillea sericea"
"80","Cerastium glomeratum"
"81","Epacris pulchella"
"82","Callicoma serratifolia"
"83","Commelina cyanea"
"84","Glochidion ferdinandi"
"85","Paspalidium distans"
"86","Lonicera japonica"
"87","Lotus subbiflorus"
"88","Calochilus campestris"
"89","Ageratina adenophora"
"90","Calotis lappulacea"
"91","Dampiera stricta"
"92","Medicago polymorpha"
"93","Acacia terminalis"
"94","Lissanthe strigosa subsp. subulata"
"95","Sarcopetalum harveyanum"
"96","Opuntia monacantha"
"97","Breynia oblongifolia"
"98","Araujia sericifera"
"99","Melaleuca thymifolia"
"100","Gompholobium grandiflorum"
"101","Polyscias sambucifolia"
"102","Cayratia clematidea"
"103","Actinotus minor"
"104","Verbena x brasiliensis"
"105","Persoonia nutans"
"106","Banksia serrata"
"107","Modiola caroliniana"
"108","Linum trigynum"
"109","Adiantum hispidulum"
"110","Glycine clandestina"
"111","Cotula australis"
"112","Conospermum longifolium"
"113","Senecio pterophorus"
"114","Dianella caerulea"
"115","Acacia prominens"
"116","Wahlenbergia gracilis"
"117","Fumaria capreolata"
"118","Bursaria spinosa"
"119","Pteridium esculentum"
"120","Petrorhagia dubia"
"121","Daviesia corymbosa"
"122","Asparagus officinalis"
"123","Isopogon anemonifolius"
"124","Billardiera scandens"
"125","Soliva sessilis"
"126","Verbena bonariensis"
"127","Callistemon salignus"
"128","Senna pendula var. glabrata"
"129","Acacia podalyriifolia"
"130","Foeniculum vulgare"
"131","Stenanthera pinifolia"
"132","Agapanthus praecox"
"133","Verbena rigida"
"134","Wahlenbergia capillaris"
"135","Pandorea pandorana"
"136","Corunastylis filiformis"
"137","Gomphrena celosioides"
"138","Solanum stelligerum"
"139","Persoonia linearis"
"140","Tradescantia fluminensis"
"141","Pteris tremula"
"142","Eucalyptus punctata"
"143","Eragrostis brownii"
"144","Acacia decurrens"
"145","Callistemon linearis"
"146","Dodonaea viscosa"
"147","Asparagus asparagoides"
"148","Caladenia picta"
"149","Opercularia diphylla"
"150","Stylidium graminifolium"
"151","Themeda triandra"
"152","Vittadinia cuneata"
"153","Allium triquetrum"
"154","Homalanthus populifolius"
"155","Cassinia aureonitens"
"156","Brassica fruticulosa"
"157","Pellaea falcata"
"158","Coleus australis"
"159","Lantana camara"
"160","Pimelea linifolia"
"161","Passiflora morifolia"
"162","Lambertia formosa"
"163","Xanthosia pilosa"
"164","Epidendrum radicans"
"165","Vitex trifolia"
"166","Nothoscordum gracile"
"167","Pomaderris ferruginea"
"168","Einadia hastata"
"169","Acianthus fornicatus"
"170","Trifolium repens"
"171","Chascolytrum subaristatum"
"172","Oxalis pes-caprae"
"173","Pseuderanthemum variabile"
"174","Rumex brownii"
"175","Geranium homeanum"
"176","Philotheca scabra"
"177","Parietaria judaica"
"178","Trema tomentosa"
"179","Corymbia gummifera"
"180","Araucaria cunninghamii"
"181","Diuris aurea"
"182","Pterostylis nutans"
"183","Tecoma stans"
"184","Leptospermum polygalifolium"
"185","Coleonema pulchellum"
"186","Capsella bursa-pastoris"
"187","Melicope micrococca"
"188","Avicennia marina"
"189","Asparagus aethiopicus"
"190","Lepidium bonariense"
"191","Goodenia hederacea"
"192","Syncarpia glomulifera"
"193","Senna barronfieldii"
"194","Dichondra repens"
"195","Lomandra longifolia"
"196","Euphorbia peplus"
"197","Acacia fimbriata"
"198","Phyllanthus hirtellus"
"199","Burchardia umbellata"
"200","Elaeocarpus reticulatus"
"201","Apium graveolens"
"202","Opercularia aspera"
"203","Lomandra obliqua"
"204","Sonchus oleraceus"
"205","Briza minor"
"206","Sida rhombifolia"
"207","Acacia ulicifolia"
"208","Phyllanthus tenellus"
"209","Notelaea venosa"
"210","Bidens pilosa"
"211","Bossiaea prostrata"
"212","Ricinus communis"
"213","Ligustrum lucidum"
"214","Pyrostegia venusta"
"215","Utricularia oppositiflora"
"216","Briza maxima"
"217","Leptomeria acida"
"218","Kennedia rubicunda"
"219","Erythrorchis cassythoides"
"220","Grevillea mucronulata"
"221","Malva parviflora"
"222","Dillwynia sieberi"
"223","Ricinocarpos pinifolius"
"224","Chloris truncata"
"225","Pomax umbellata"
"226","Freesia leichtlinii"
"227","Rumex hypogaeus"
"228","Tristaniopsis laurina"
"229","Drosera peltata"
"230","Diuris maculata"
"231","Pomaderris prunifolia"
"232","Tropaeolum majus"
"233","Woollsia pungens"
"234","Cyperus brevifolius"
"235","Daviesia ulicifolia"
"236","Ozothamnus diosmifolius"
"237","Eucalyptus tereticornis"
"238","Rumex crispus"
"239","Dockrillia linguiformis"
"240","Bryophyllum delagoense"
"241","Acer negundo"
"242","Bidens alba"
"243","Atriplex prostrata"
"244","Actinotus helianthi"
"245","Trachymene incisa"
"246","Paspalum notatum"
"247","Bromus catharticus"
"248","Pterostylis rufa"
"249","Cestrum parqui"
"250","Senecio hispidulus"
"251","Convolvulus erubescens"
"252","Micrantheum ericoides"
"253","Leptospermum trinervium"
"254","Nerium oleander"
"255","Xanthorrhoea arborea"
"256","Symphyotrichum subulatum"
"257","Acacia brownii"
"258","Lomandra hystrix"
"259","Tricoryne simplex"
"260","Persicaria lapathifolia"
"261","Agave attenuata"
"262","Zornia dyctiocarpa"
"263","Phragmites australis"
"264","Asplenium flabellifolium"
"265","Dipodium variegatum"
"266","Lobelia purpurascens"
"267","Cinnamomum camphora"
"268","Hypericum gramineum"
"269","Euphorbia dendroides"
"270","Lepidium didymum"
"271","Ochna serrulata"
"272","Zieria pilosa"
"273","Centella asiatica"
"274","Plectranthus verticillatus"
"275","Vicia hirsuta"
"276","Veronica persica"
"277","Commersonia dasyphylla"
"278","Angophora costata"
"279","Coronidium oxylepis"
"280","Einadia polygonoides"
"281","Alternanthera philoxeroides"
"282","Lysimachia loeflingii"
"283","Plumbago auriculata"
"284","Sonchus asper"
"285","Acacia iteaphylla"
"286","Setaria parviflora"
"287","Asplenium australasicum"
"288","Smilax glyciphylla"
"289","Acacia pubescens"
"290","Dendrophthoe vitellina"
"291","Chloris virgata"
"292","Amyema miquelii"
"293","Leucopogon microphyllus"
"294","Aristida vagans"
"295","Hypolepis muelleri"
"296","Amyema congener"
"297","Brachychiton populneus"
"298","Pittosporum revolutum"
"299","Olearia microphylla"
"300","Solanum nigrum"
"301","Glycine tabacina"
"302","Stachys arvensis"
"303","Erigeron karvinskianus"
"304","Hypoxis hygrometrica"
"305","Rumex sagittatus"
"306","Cardiospermum grandiflorum"
"307","Pterostylis concinna"
"308","Schinus molle var. areira"
"309","Denhamia silvestris"
"310","Correa reflexa"
"311","Polymeria calycina"
"312","Ceratopetalum apetalum"
"313","Xylomelum pyriforme"
"314","Morus alba"
"315","Asclepias curassavica"
"316","Vicia sativa"
"317","Stylidium productum"
"318","Platycerium bifurcatum"
"319","Eustrephus latifolius"
"320","Acacia myrtifolia"
"321","Einadia nutans"
"322","Melinis repens"
"323","Verbascum virgatum"
"324","Ficinia nodosa"
"325","Urospermum picroides"
"326","Epidendrum x obrienianum"
"327","Acacia falcata"
"328","Cyclospermum leptophyllum"
"329","Allocasuarina littoralis"
"330","Eucalyptus camaldulensis"
"331","Clerodendrum tomentosum"
"332","Hypochaeris radicata"
"333","Tritonia gladiolaris"
"334","Thelymitra peniculata"
"335","Oxalis latifolia"
"336","Eucalyptus grandis"
"337","Amyema gaudichaudii"
"338","Convolvulus farinosus"
"339","Megathyrsus maximus"
"340","Euphorbia hyssopifolia"
"341","Schoenus melanostachys"
"342","Adiantum formosum"
"343","Acacia linifolia"
"344","Chloris gayana"
"345","Toxicodendron succedaneum"
"346","Solanum lycopersicum"
"347","Solanum americanum"
"348","Sclerodontium pallidum"
"349","Pinus patula"
"350","Anredera cordifolia"
"351","Passiflora edulis"
"352","Cladium procerum"
"353","Crassula multicava"
"354","Styphelia sieberi"
"355","Lasiopetalum ferrugineum"
"356","Cyperus gracilis"
"357","Eucalyptus fibrosa"
"358","Hakea dactyloides"
"359","Senna pendula"
"360","Casuarina cunninghamiana"
"361","Solanum sisymbriifolium"
"362","Lolium arundinaceum"
"363","Eucalyptus piperita"
"364","Gleichenia dicarpa"
"365","Acacia binervia"
"366","Caladenia catenata"
"367","Lomandra multiflora"
"368","Cyperus polystachyos"
"369","Euphorbia maculata"
"370","Solidago altissima"
"371","Nandina domestica"
"372","Phyllanthus virgatus"
"373","Eragrostis curvula"
"374","Lysimachia arvensis"
"375","Callistemon viminalis"
"376","Calystegia marginata"
"377","Dichelachne micrantha"
"378","Callisia fragrans"
"379","Macrozamia communis"
"380","Galinsoga parviflora"
"381","Paspalum urvillei"
"382","Solanum prinophyllum"
"383","Acacia baileyana"
"384","Hakea sericea"
"385","Pteris vittata"
"386","Plantago major"
"387","Campsis radicans"
"388","Zantedeschia aethiopica"
"389","Casuarina glauca"
"390","Melilotus albus"
"391","Myoporum acuminatum"
"392","Sporobolus fertilis"
"393","Ipomoea cairica"
"394","Ligustrum sinense"
"395","Lantana montevidensis"
"396","Trifolium glomeratum"
"397","Ficus coronata"
"398","Mirabilis jalapa"
"399","Poa annua"
"400","Petrorhagia nanteuilii"
"401","Spiranthes australis"
"402","Phoenix canariensis"
"403","Dyschoriste nagchana (Nees) Bennet"
"404","Styphelia affinis"
"405","Parsonsia straminea"
"406","Erythrina crista-galli"
"407","Styphelia laeta subsp. laeta"
"408","Drosera glanduligera"
"409","Alphitonia excelsa"
"410","Oxalis debilis"
"411","Eucalyptus racemosa"
"412","Blechnum parrisiae"
"413","Lepidosperma laterale"
"414","Paronychia brasiliana"
"415","Stackhousia viminea"
"416","Celtis australis"
"417","Solanum aviculare"
"418","Goodenia ovata"
"419","Melaleuca diosmatifolia"
"420","Genista monspessulana"
"421","Solenogyne dominii"
"422","Thelymitra ixioides"
"423","Arthropodium milleflorum"
"424","Leionema dentatum"
"425","Lactuca serriola"
"426","Platysace linearifolia"
"427","Tagetes minuta"
"428","Acalypha australis"
"429","Tetragonia tetragonoides"
"430","Acacia parramattensis"
"431","Hemigenia purpurea"
"432","Papaver somniferum"
"433","Samolus repens"
"434","Lomatia silaifolia"
"435","Drosera pygmaea"
"436","Hibbertia aspera"
"437","Eucalyptus robusta"
"438","Senecio madagascariensis"
"439","Axonopus fissifolius"
"440","Cyanthillium cinereum"
"441","Cupaniopsis anacardioides"
"442","Facelis retusa"
"443","Angophora hispida"
"444","Melaleuca linariifolia"
"445","Arundo donax"
"446","Paspalum dilatatum"
"447","Opuntia stricta"
"448","Harpephyllum afrum"
"449","Monotoca elliptica"
"450","Senecio angulatus"
"451","Stylidium lineare"
"452","Ehrharta longiflora"
"453","Juncus usitatus"
"454","Senecio quadridentatus"
"455","Melaleuca nodosa"
"456","Persicaria decipiens"
"457","Corymbia citriodora"
"458","Blechnum rupestre"
"459","Alternanthera denticulata"
"460","Lasiopetalum macrophyllum"
"461","Eucalyptus botryoides"
"462","Cyathea cooperi"
"463","Pavonia hastata"
"464","Setaria pumila"
"465","Microlaena stipoides"
"466","Fumaria muralis"
"467","Callistemon citrinus"
"468","Polycarpon tetraphyllum"
"469","Rorippa nasturtium-aquaticum"
"470","Capillipedium spicigerum"
"471","Liquidambar styraciflua"
"472","Stenotaphrum secundatum"
"473","Cotoneaster glaucophyllus"
"474","Echinochloa crus-galli"
"475","Macadamia tetraphylla"
"476","Lagurus ovatus"
"477","Acacia pycnantha"
"478","Wahlenbergia stricta"
"479","Ruellia squarrosa"
"480","Rumex acetosella"
"481","Caleana major"
"482","Calochlaena dubia"
"483","Caustis flexuosa"
"484","Eleusine tristachya"
"485","Cyperus eragrostis"
"486","Anisopogon avenaceus"
"487","Polygala virgata"
"488","Ficus macrophylla"
"489","Kunzea capitata"
"490","Platylobium formosum"
"491","Silene gallica var. gallica"
"492","Mitrasacme polymorpha"
"493","Eucalyptus baueriana"
"494","Crassocephalum crepidioides"
"495","Delairea odorata"
"496","Viola odorata"
"497","Richardia stellaris"
"498","Scaevola ramosissima"
"499","Caladenia fuscata"
"500","Pterostylis pedunculata"
"501","Sigesbeckia orientalis"
"502","Talinum paniculatum"
"503","Melaleuca styphelioides"
"504","Mirbelia speciosa"
"505","Hypochaeris albiflora"
"506","Centaurium tenuiflorum"
"507","Dillwynia floribunda"
"508","Patersonia sericea"
"509","Clematis glycinoides"
"510","Desmodium varians"
"511","Asparagus virgatus"
"512","Stephania japonica"
"513","Eremophila debilis"
"514","Platysace ericoides"
"515","Pseudognaphalium luteoalbum"
"516","Echinopogon ovatus"
"517","Castanospermum australe"
"518","Viola betonicifolia"
"519","Brassica x juncea"
"520","Sphaeromorphaea australis"
"521","Lissanthe strigosa"
"522","Hovea linearis"
"523","Hibbertia diffusa"
"524","Calochilus paludosus"
"525","Trifolium arvense"
"526","Abelia chinensis"
"527","Dietes iridioides"
"528","Rytidosperma tenuius"
"529","Hibbertia monogyna"
"530","Gladiolus carneus"
"531","Murraya paniculata"
"532","Opuntia schickendantzii"
"533","Lobelia dentata"
"534","Celtis sinensis"
"535","Oenothera mollissima"
"536","Triticum aestivum"
"537","Tradescantia zebrina"
"538","Holcus lanatus"
"539","Salpichroa origanifolia"
"540","Acacia parvipinnula"
"541","Einadia trigonos"
"542","Euryops chrysanthemoides"
"543","Dillwynia elegans"
"544","Erigeron bonariensis"
"545","Melaleuca hypericifolia"
"546","Lobelia anceps"
"547","Laxmannia gracilis"
"548","Cymbopogon refractus"
"549","Myrsine variabilis"
"550","Vincetoxicum barbatum"
"551","Breutelia affinis"
"552","Solanum seaforthianum"
"553","Corymbia maculata"
"554","Acacia stricta"
"555","Hibbertia dentata"
"556","Lindsaea linearis"
"557","Melilotus indicus"
"558","Zieria smithii"
"559","Melaleuca decora"
"560","Syzygium paniculatum"
"561","Polygonum aviculare"
"562","Melaleuca quinquenervia"
"563","Adiantum raddianum"
"564","Hakea laevipes"
"565","Dipodium punctatum"
"566","Medicago sativa"
"567","Begonia cucullata"
"568","Melaleuca ericifolia"
"569","Alstroemeria psittacina"
"570","Passiflora caerulea"
"571","Abutilon grandifolium"
"572","Rhaphiolepis indica"
"573","Nephrolepis cordifolia"
"574","Ludwigia peruviana"
"575","Bothriochloa macra"
"576","Gomphocarpus physocarpus"
"577","Dianella revoluta"
"578","Coronidium scorpioides"
"579","Dianella caerulea var. producta"
"580","Acacia filicifolia"
"581","Dipodium roseum"
"582","Cassinia sifton"
"583","Melaleuca bracteata"
"584","Haemodorum planifolium"
"585","Monstera deliciosa"
"586","Aloe arborescens"
"587","Dianella longifolia"
"588","Ludwigia peploides"
"589","Banksia robur"
"590","Coronidium elatum"
"591","Glycine microphylla"
"592","Chiloglottis diphylla"
"593","Euphorbia ophthalmica"
"594","Callistemon pallidus"
"595","Rhamnus alaternus"
"596","Dimorphotheca ecklonis"
"597","Conium maculatum"
"598","Panicum effusum"
"599","Ipomoea indica"
"600","Convolvulus angustissimus"
"601","Histiopteris incisa"
"602","Stylidium laricifolium"
"603","Salicornia quinqueflora"
"604","Mentha satureioides"
"605","Eriobotrya japonica"
"606","Polygala myrtifolia"
"607","Oxalis corniculata"
"608","Triadica sebifera"
"609","Veronica arvensis"
"610","Afrohybanthus stellarioides"
"611","Mirbelia rubiifolia"
"612","Canna indica"
"613","Echinopogon caespitosus"
"614","Corymbia eximia"
"615","Podolobium ilicifolium"
"616","Hydrocotyle bonariensis"
"617","Portulaca oleracea"
"618","Chrysanthemoides monilifera"
"619","Misopates orontium"
"620","Cenchrus setaceus"
"621","Galium aparine"
"622","Viola banksii"
"623","Gladiolus dalenii"
"624","Ipomoea purpurea"
"625","Solenogyne bellioides"
"626","Aloe maculata"
"627","Todea barbara"
"628","Lindsaea microphylla"
"629","Olea europaea subsp. cuspidata"
"630","Caesia parviflora var. vittata"
"631","Drosera auriculata"
"632","Drosera binata"
"633","Glossodia minor"
"634","Erigeron sumatrensis"
"635","Styphelia ericoides"
"636","Avicennia marina subsp. australasica"
"637","Isolepis cernua"
"638","Cymbidium suave"
"639","Drosera spatulata"
"640","Chiloglottis formicifera"
"641","Gahnia clarkei"
"642","Muellerina eucalyptoides"
"643","Diuris punctata"
"644","Leonotis leonurus"
"645","Asparagus setaceus"
"646","Calochilus robertsonii"
"647","Dietes grandiflora"
"648","Acacia mearnsii"
"649","Potamogeton ochreatus"
"650","Bryum argenteum"
"651","Auranticarpa rhombifolia"
"652","Stackhousia nuda"
"653","Acianthus exsertus"
"654","Sporobolus africanus"
"655","Astrotricha latifolia"
"656","Ficus microcarpa"
"657","Opercularia varia"
"658","Manihot grahamii"
"659","Christella dentata"
"660","Hippeastrum carinatum"
"661","Eucalyptus pilularis"
"662","Baeckea linifolia"
"663","Eucalyptus globoidea"
"664","Philotheca hispidula"
"665","Vinca major"
"666","Dodonaea multijuga"
"667","Corybas aconitiflorus"
"668","Pterostylis curta"
"669","Poranthera microphylla"
"670","Silene gallica"
"671","Epilobium billardiereanum subsp. cinereum"
"672","Leontodon rhagadioloides"
"673","Coreopsis lanceolata"
"674","Eucalyptus eugenioides"
"675","Medicago arabica"
"676","Malva neglecta"
"677","Thunbergia alata"
"678","Heptapleurum actinophyllum"
"679","Thaumatophyllum bipinnatifidum"
"680","Hypoxis hygrometrica var. villosisepala"
"681","Chlorophytum comosum"
"682","Acacia longifolia subsp. sophorae"
"683","Oxalis exilis"
"684","Gonocarpus teucrioides"
"685","Podocarpus spinulosus"
"686","Passiflora herbertiana"
"687","Funaria hygrometrica"
"688","Ficus rubiginosa"
"689","Asperula conferta"
"690","Rumex conglomeratus"
"691","Vulpia myuros"
"692","Scaevola aemula"
"693","Schizaea bifida"
"694","Chloris ventricosa"
"695","Crassula sieberiana"
"696","Juncus bufonius"
"697","Pellaea viridis"
"698","Verbena incompta"
"699","Psilotum nudum"
"700","Acacia elata"
"701","Entolasia stricta"
"702","Bryophyllum pinnatum"
"703","Geranium molle"
"704","Wisteria sinensis"
"705","Fraxinus griffithii"
"706","Banksia ericifolia"
"707","Bolboschoenus fluviatilis"
"708","Gomphocarpus fruticosus"
"709","Bacopa monnieri"
"710","Lunularia cruciata"
"711","Agave americana"
"712","Epacris microphylla"
"713","Asparagus africanus"
"714","Rogiera amoena"
"715","Alocasia brisbanensis"
"716","Myoporum insulare"
"717","Macadamia integrifolia"
"718","Stellaria media"
"719","Cardamine hirsuta"
"720","Euryomyrtus ramosissima"
"721","Ulmus parvifolia"
"722","Chrysocephalum semipapposum"
"723","Catharanthus roseus"
"724","Eclipta prostrata"
"725","Olearia viscidula"
"726","Ceratonia siliqua"
"727","Eucalyptus longifolia"
"728","Suaeda australis"
"729","Diplotaxis tenuifolia"
"730","Paspalum quadrifarium"
"731","Clematis aristata"
"732","Acacia floribunda"
"733","Robinia pseudoacacia"
"734","Eriochloa pseudoacrotricha"
"735","Angophora floribunda"
"736","Eucalyptus saligna"
"737","Tecoma capensis"
"738","Heliotropium amplexicaule"
"739","Dendrobium speciosum"
"740","Lomandra confertifolia"
"741","Pultenaea hispidula"
"742","Machaerina articulata"
"743","Salix babylonica"
"744","Silene gallica var. quinquevulnera"
"745","Pandorea jasminoides"
"746","Acacia longissima"
"747","Cheilanthes sieberi subsp. sieberi"
"748","Eucalyptus sideroxylon"
"749","Styphelia humifusa"
"750","Hibbertia stricta subsp. furcatula"
"751","Leptinella longipes"
"752","Glossocardia bidens"
"753","Dactylis glomerata"
"754","Cotula coronopifolia"
"755","Lagunaria patersonia"
"756","Jasminum polyanthum"
"757","Petroselinum crispum"
"758","Glossodia major"
"759","Syzygium australe"
"760","Pyrrosia rupestris"
"761","Xanthosia tridentata"
"762","Tradescantia pallida"
"763","Imperata cylindrica"
"764","Pyracantha crenulata"
"765","Dichelachne crinita"
"766","Salvia hispanica"
"767","Centaurium erythraea"
"768","Rubus parvifolius"
"769","Populus alba"
"770","Gonocarpus tetragynus"
"771","Tillandsia usneoides"
"772","Bromus hordeaceus"
"773","Solanum chenopodioides"
"774","Trema tomentosa var. aspera"
"775","Sherardia arvensis"
"776","Polypogon lutosus"
"777","Zealandia pustulata subsp. pustulata"
"778","Phyllanthus gunnii"
"779","Westringia longifolia"
"780","Cymbalaria muralis"
"781","Centaurea cyanus"
"782","Brachyscome graminea"
"783","Opercularia hispida"
"784","Trifolium dubium"
"785","Persicaria strigosa"
"786","Grevillea rosmarinifolia"
"787","Opuntia ficus-indica"
"788","Prasophyllum elatum"
"789","Livistona australis"
"790","Desmodium rhytidophyllum"
"791","Exocarpos strictus"
"792","Ranunculus repens"
"793","Bromus cebadilla"
"794","Lepyrodia scariosa"
"795","Senna clavigera"
"796","Thysanotus tuberosus"
"797","Cereus hildmannianus"
"798","Eleusine indica"
"799","Leichhardtia viridiflora subsp. viridiflora"
"800","Pimelea spicata"
"801","Veronica plebeia"
"802","Portulaca grandiflora"
"803","Rhodamnia rubescens"
"804","Rothmannia globosa"
"805","Cassinia uncata"
"806","Myriophyllum aquaticum"
"807","Phytolacca octandra"
"808","Euphorbia prostrata"
"809","Pelargonium inodorum"
"810","Caesia parviflora"
"811","Cissus hypoglauca"
"812","Leptospermum arachnoides"
"813","Datura stramonium"
"814","Juncus planifolius"
"815","Persicaria capitata"
"816","Corunastylis fimbriata"
"817","Erechtites valerianifolius"
"818","Caladenia carnea"
"819","Trifolium pratense"
"820","Lobularia maritima"
"821","Hibbertia puberula"
"822","Grevillea sphacelata"
"823","Dipogon lignosus"
"824","Macrozamia spiralis"
"825","Anethum graveolens"
"826","Eucalyptus capitellata"
"827","Dracaena fragrans"
"828","Melichrus procumbens"
"829","Syagrus romanzoffiana"
"830","Cryptostylis erecta"
"831","Pinus halepensis"
"832","Cenchrus clandestinus"
"833","Rubus laudatus"
"834","Westringia fruticosa"
"835","Aphanopetalum resinosum"
"836","Sisyrinchium micranthum"
"837","Piper sarmentosum"
"838","Viburnum tinus"
"839","Hypoestes aristata"
"840","Senecio pinnatifolius"
"841","Malus domestica"
"842","Oplismenus hirtellus"
"843","Syzygium smithii"
"844","Typha orientalis"
"845","Notelaea ovata"
"846","Hedychium gardnerianum"
"847","Lilium formosanum"
"848","Hibbertia scandens"
"849","Amyema congener subsp. congener"
"850","Persoonia pinifolia"
"851","Coffea arabica"
"852","Persoonia lanceolata"
"853","Goodenia heterophylla"
"854","Hordeum glaucum"
"855","Corunastylis rufa"
"856","Dactyloctenium aegyptium"
"857","Sorghum bicolor"
"858","Eucalyptus haemastoma"
"859","Daucus carota"
"860","Banksia oblongifolia"
"861","Rytidosperma fulvum"
"862","Pomaderris ligustrina"
"863","Syngonium podophyllum"
"864","Passiflora pallida"
"865","Calochilus gracillimus"
"866","Linum marginale"
"867","Angophora bakeri"
"868","Paraserianthes lophantha"
"869","Rostraria cristata"
"870","Passiflora herbertiana subsp. herbertiana"
"871","Leptospermum petersonii"
"872","Conospermum longifolium subsp. angustifolium"
"873","Patersonia glabrata"
"874","Bossiaea ensata"
"875","Bolboschoenus caldwellii"
"876","Ambrosia artemisiifolia"
"877","Dodonaea viscosa subsp. spatulata"
"878","Juncus acutus"
"879","Scutellaria racemosa"
"880","Pleroma urvilleanum"
"881","Pterostylis oblonga"
"882","Carica papaya"
"883","Geranium solanderi"
"884","Cryptandra amara"
"885","Austrostipa ramosissima"
"886","Xyris complanata"
"887","Platysace lanceolata"
"888","Lasiopetalum parviflorum"
"889","Rubus ulmifolius"
"890","Dolichandra unguis-cati"
"891","Hyparrhenia hirta"
"892","Oxalis perennans"
"893","Erythrina x sykesii"
"894","Vincetoxicum woollsii"
"895","Polypogon viridis"
"896","Lythrum hyssopifolia"
"897","Selaginella kraussiana"
"898","Petrophile pulchella"
"899","Antigonon leptopus"
"900","Lomandra confertifolia subsp. rubiginosa"
"901","Lobelia gibbosa"
"902","Pyracantha angustifolia"
"903","Vittadinia gracilis"
"904","Hakea salicifolia"
"905","Cassytha glabella"
"906","Hydrocotyle acutiloba"
"907","Cyathea australis"
"908","Senna septemtrionalis"
"909","Aeonium arboreum"
"910","Sphagneticola trilobata"
"911","Xanthorrhoea minor subsp. minor"
"912","Lagenophora sublyrata"
"913","Galium gaudichaudii"
"914","Eucalyptus microcorys"
"915","Amaranthus viridis"
"916","Entolasia marginata"
"917","Correa alba"
"918","Gamochaeta americana"
"919","Lagerstroemia indica"
"920","Pomaderris elliptica"
"921","Pilea microphylla"
"922","Hibiscus mutabilis"
"923","Ajuga australis"
"924","Daviesia ulicifolia subsp. stenophylla"
"925","Christella hispidula"
"926","Vicia tetrasperma"
"927","Persicaria hydropiper"
"928","Myrsine howittiana"
"929","Billardiera mutabilis"
"930","Viburnum odoratissimum"
"931","Euphorbia dallachyana"
"932","Pomaderris discolor"
"933","Thunbergia grandiflora"
"934","Callitriche stagnalis"
"935","Chrysocephalum apiculatum"
"936","Westringia eremicola"
"937","Gahnia aspera"
"938","Grevillea juniperina"
"939","Philotheca myoporoides"
"940","Corymbia ficifolia"
"941","Vulpia muralis"
"942","Lyperanthus suaveolens"
"943","Hedwigia ciliata"
"944","Parthenocissus quinquefolia"
"945","Tricoryne elatior"
"946","Guioa semiglauca"
"947","Thelymitra carnea"
"948","Zieria laevigata"
"949","Justicia carnea"
"950","Cassytha pubescens"
"951","Harmogia densifolia"
"952","Setaria palmifolia"
"953","Banksia spinulosa var. collina"
"954","Scutellaria humilis"
"955","Fumaria bastardii"
"956","Punica granatum"
"957","Styphelia triflora"
"958","Cyperus alterniflorus"
"959","Olea europaea subsp. europaea"
"960","Euchiton japonicus"
"961","Calotis dentex"
"962","Carex inversa"
"963","Fraxinus angustifolia"
"964","Goodenia hederacea subsp. hederacea"
"965","Rosulabryum billardierei"
"966","Lophostemon confertus"
"967","Lepironia articulata"
"968","Brunoniella pumilio"
"969","Xanthium strumarium"
"970","Styphelia laeta"
"971","Gleditsia triacanthos"
"972","Podranea ricasoliana"
"973","Avena barbata"
"974","Ipomoea quamoclit"
"975","Typha latifolia"
"976","Prunus armeniaca"
"977","Youngia japonica"
"978","Commersonia hermanniifolia"
"979","Dillwynia parvifolia"
"980","Lemna disperma"
"981","Hovea heterophylla"
"982","Washingtonia robusta"
"983","Artemisia verlotiorum"
"984","Phyllostachys aurea"
"985","Albuca bracteata"
"986","Prunus domestica"
"987","Hippeastrum zephyranthum"
"988","Potamogeton natans"
"989","Lolium perenne"
"990","Calystegia silvatica"
"991","Sagina apetala"
"992","Sorghum halepense"
"993","Alisma plantago-aquatica"
"994","Plantago myosuros"
"995","Vulpia bromoides"
"996","Brunfelsia pauciflora"
"997","Narcissus tazetta"
"998","Erigeron canadensis"
"999","Campsis x tagliabuana"
"1000","Avena fatua"
"1001","Juncus kraussii"
"1002","Carex appressa"
"1003","Freesia laxa"
"1004","Ptilothrix deusta"
"1005","Hibbertia nitida"
"1006","Cichorium intybus"
"1007","Juncus pallidus"
"1008","Microtis parviflora"
"1009","Lolium rigidum"
"1010","Taraxacum erythrospermum"
"1011","Epilobium ciliatum"
"1012","Trifolium campestre"
"1013","Samolus valerandi"
"1014","Crinum pedunculatum"
"1015","Parthenocissus tricuspidata"
"1016","Cryptostylis subulata"
"1017","Silene nocturna"
"1018","Lotus corniculatus"
"1019","Osteospermum moniliferum subsp. moniliferum"
"1020","Pultenaea flexilis"
"1021","Philydrum lanuginosum"
"1022","Euphorbia serpens"
"1023","Linum usitatissimum"
"1024","Xanthorrhoea minor"
"1025","Sannantha pluriflora"
"1026","Psidium guajava"
"1027","Afrocarpus falcata"
"1028","Gamochaeta impatiens"
"1029","Viola hederacea"
"1030","Gamochaeta calviceps"
"1031","Pultenaea tuberculata"
"1032","Gonocarpus micranthus"
"1033","Euryomyrtus ramosissima subsp. ramosissima"
"1034","Raphanus raphanistrum"
"1035","Hibbertia pedunculata"
"1036","Pterostylis longifolia"
"1037","Carex fascicularis"
"1038","Crassula ovata"
"1039","Euphorbia milii"
"1040","Lysimachia arvensis subsp. arvensis var. arvensis"
"1041","Brachyscome multifida"
"1042","Cynodon dactylon"
"1043","Melaleuca armillaris"
"1044","Urochloa panicoides"
"1045","Einadia nutans subsp. linifolia"
"1046","Telopea speciosissima"
"1047","Papaver dubium"
"1048","Cestrum nocturnum"
"1049","Eucalyptus polyanthemos"
"1050","Acronychia oblongifolia"
"1051","Pelargonium australe"
"1052","Murraya koenigii"
"1053","Persoonia laurina subsp. laurina"
"1054","Dillwynia sericea"
"1055","Syzygium luehmannii"
"1056","Hibbertia stricta"
"1057","Muehlenbeckia gracillima"
"1058","Hydrocotyle tripartita"
"1059","Anthoxanthum odoratum"
"1060","Coreopsis tinctoria"
"1061","Populus deltoides"
"1062","Psidium cattleyanum"
"1063","Daviesia ulicifolia subsp. ulicifolia"
"1064","Watsonia meriana"
"1065","Salvinia x molesta"
"1066","Tortula muralis"
"1067","Persoonia laurina"
"1068","Thysanotus juncifolius"
"1069","Blechnum neohollandicum"
"1070","Hakea gibbosa"
"1071","Aristida warburgii"
"1072","Acacia irrorata"
"1073","Cyperus sesquiflorus"
"1074","Crassula arborescens"
"1075","Caladenia quadrifaria"
"1076","Leichhardtia viridiflora"
"1077","Acacia dealbata"
"1078","Hovea purpurea"
"1079","Senna didymobotrya"
"1080","Ipheion uniflorum"
"1081","Lomandra filiformis"
"1082","Callitris rhomboidea"
"1083","Magnolia grandiflora"
"1084","Diospyros kaki"
"1085","Viminaria juncea"
"1086","Cenchrus longisetus"
"1087","Cyperus involucratus"
"1088","Lotus angustissimus"
"1089","Cotoneaster pannosus"
"1090","Pyrus calleryana"
"1091","Genista linifolia"
"1092","Polygala japonica"
"1093","Bryophyllum x houghtonii"
"1094","Leichhardtia suaveolens"
"1095","Physalis angulata"
"1096","Cosmos sulphureus"
"1097","Syncarpia glomulifera subsp. glomulifera"
"1098","Melaleuca sieberi"
"1099","Medicago lupulina"
"1100","Glochidion ferdinandi var. pubens"
"1101","Lactuca sativa"
"1102","Austrostipa pubescens"
"1103","Sida corrugata"
"1104","Chenopodium album"
"1105","Persea americana"
"1106","Pomaderris intermedia"
"1107","Claoxylon australe"
"1108","Cyperus congestus"
"1109","Eucalyptus cladocalyx"
"1110","Alectryon tomentosus"
"1111","Euphorbia tirucalli"
"1112","Ficus carica"
"1113","Lupinus cosentinii"
"1114","Azolla pinnata"
"1115","Echium plantagineum"
"1116","Acacia longifolia subsp. longifolia"
"1117","Eucalyptus bosistoana"
"1118","Pomaderris lanigera"
"1119","Cotoneaster coriaceus"
"1120","Eriostemon australasius"
"1121","Verbena quadrangularis"
"1122","Rytidosperma bipartitum"
"1123","Poa affinis"
"1124","Banksia spinulosa var. spinulosa"
"1125","Rytidosperma setaceum"
"1126","Lamium amplexicaule"
"1127","Dichelachne sieberiana"
"1128","Digitaria ramularis"
"1129","Oxalis purpurea"
"1130","Digitaria aequiglumis"
"1131","Vittadinia cuneata var. cuneata"
"1132","Einadia nutans subsp. nutans"
"1133","Einadia trigonos subsp. leiocarpa"
"1134","Microlaena stipoides var. stipoides"
"1135","Notelaea longifolia f. longifolia"
"1136","Triglochin striata"
"1137","Callistemon linearifolius"
"1138","Sorghum leiocladum"
"1139","Eragrostis mexicana"
"1140","Austrostipa rudis subsp. nervosa"
"1141","Carex breviculmis"
"1142","Rytidosperma racemosum var. racemosum"
"1143","Grevillea sericea subsp. sericea"
"1144","Dysphania pumilio"
"1145","Sporobolus virginicus"
"1146","Eragrostis tenuifolia"
"1147","Juncus continuus"
"1148","Paspalidium criniforme"
"1149","Dianella caerulea var. caerulea"
"1150","Diuris sulphurea"
"1151","Muellerina celastroides"
"1152","Chenopodium trigonon subsp. trigonon"
"1153","Allocasuarina paludosa"
"1154","Nymphaea alba"
"1155","Solanum linearifolium"
"1156","Wahlenbergia multicaulis"
"1157","Digitaria ciliaris"
"1158","Wahlenbergia littoricola"
"1159","Eucalyptus beyeriana"
"1160","Isolepis levynsiana"
"1161","Pterostylis erecta"
"1162","Ranunculus inundatus"
"1163","Lomandra multiflora subsp. multiflora"
"1164","Oxalis thompsoniae"
"1165","Hakea salicifolia subsp. salicifolia"
"1166","Wilsonia backhousei"
"1167","Apium prostratum var. prostratum"
"1168","Correa reflexa var. speciosa"
"1169","Cryptandra propinqua"
"1170","Lepidosperma gunnii"
"1171","Atriplex semibaccata"
"1172","Eucalyptus parramattensis"
"1173","Persoonia laurina subsp. intermedia"
"1174","Boronia pinnata"
"1175","Cheilanthes distans"
"1176","Callistemon pinifolius"
"1177","Logania albiflora"
"1178","Podocarpus elatus"
"1179","Pterostylis saxicola"
"1180","Casuarina cunninghamiana subsp. cunninghamiana"
"1181","Eragrostis elongata"
"1182","Eleocharis gracilis"
"1183","Leptospermum parvifolium"
"1184","Angophora bakeri subsp. bakeri"
"1185","Lomandra cylindrica"
"1186","Anthosachne scabra"
"1187","Paspalidium caespitosum"
"1188","Ulex europaeus"
"1189","Aristida jerichoensis var. subspinulifera"
"1190","Rytidosperma caespitosum"
"1191","Aira cupaniana"
"1192","Pultenaea microphylla"
"1193","Almaleea paludosa"
"1194","Eucalyptus resinifera subsp. resinifera"
"1195","Omphacomeria acerba"
"1196","Daviesia squarrosa"
"1197","Eucalyptus fibrosa subsp. fibrosa"
"1198","Gompholobium inconspicuum"
"1199","Grevillea diffusa subsp. diffusa"
"1200","Leptospermum grandifolium"
"1201","Cassytha glabella f. glabella"
"1202","Caladenia alata"
"1203","Pterostylis biseta"
"1204","Teucrium argutum"
"1205","Cyanicula caerulea"
"1206","Dillwynia phylicoides"
"1207","Rytidosperma longifolium"
"1208","Microtis unifolia"
"1209","Pterostylis chaetophora"
"1210","Chrysocephalum apiculatum subsp. ramosissimum"
"1211","Melaleuca deanei"
"1212","Thelymitra pauciflora"
"1213","Pterostylis gibbosa"
"1214","Leucopogon virgatus"
"1215","Daviesia acicularis"
"1216","Pultenaea scabra"
"1217","Pyrus communis"
"1218","Polyscias sambucifolia subsp. Long leaflets (P.G.Neish 208)"
"1219","Spergularia diandra"
"1220","Sclerodontium pallidum subsp. pallidum"
"1221","Oxalis debilis var. corymbosa"
"1222","Pultenaea pedunculata"
"1223","Juncus subsecundus"
"1224","Lomandra filiformis subsp. coriacea"
"1225","Rosulabryum billarderii"
"1226","Hibbertia fumana"
"1227","Gahnia filum"
"1228","Carex pumila"
"1229","Parapholis incurva"
"1230","Eucalyptus siderophloia"
"1231","Entodon mackaviensis"
"1232","Fissidens tenellus"
"1233","Hibbertia puberula subsp. glabrescens"
"1234","Acacia terminalis subsp. Glabrous form (M.Hancock 94)"
"1235","Pithophora oedogonia"
"1236","Monotoca scoparia"
"1237","Sambucus australasica"
"1238","Leucopogon amplexicaulis"
"1239","Cycnogeton multifructum"
"1240","Najas tenuifolia"
"1241","Rumex obtusifolius"
"1242","Lachnagrostis filiformis"
"1243","Cyperus odoratus"
"1244","Cycnogeton procerum"
"1245","Moraea flaccida"
"1246","Urtica urens"
"1247","Cassytha phaeolasia"
"1248","Hakea teretifolia subsp. teretifolia"
"1249","Euphorbia lathyris"
"1250","Grimmia laevigata"
"1251","Persicaria orientalis"
"1252","Gemmabryum coronatum"
"1253","Papaver hybridum"
"1254","Ditrichum difficile"
"1255","Schoenoplectus tabernaemontani"
"1256","Schoenus apogon"
"1257","Ranunculus muricatus"
"1258","Erodium cicutarium"
"1259","Fissidens linearis var. linearis"
"1260","Rorippa laciniata"
"1261","Eucalyptus amplifolia subsp. amplifolia"
"1262","Spergularia marina"
"1263","Malva nicaeensis"
"1264","Sagittaria platyphylla"
"1265","Styphelia attenuata"
"1266","Ambrosia psilostachya"
"1267","Fabronia hampeana"
"1268","Entolasia whiteana"
"1269","Acacia terminalis subsp. Long inflorescences (P.G.Kodela 307)"
"1270","Veronica lithophila"
"1271","Acacia terminalis subsp. Bright yellow flower (M.Tindale NSW248078)"
"1272","Paspalum vaginatum"
"1273","Rytidosperma semiannulare"
"1274","Abutilon oxycarpum"
"1275","Juncus polyanthemus"
"1276","Polypogon monspeliensis"
"1277","Asterella whiteleggeana"
"1278","Anthosachne kingiana subsp. multiflora"
"1279","Juncus mollis"
"1280","Sisymbrium officinale"
"1281","Epacris purpurascens var. purpurascens"
"1282","Epilobium hirtigerum"
"1283","Nymphoides montana"
"1284","Isolepis marginata"
"1285","Aristida benthamii var. spinulifera"
"1286","Hibbertia serpyllifolia"
"1287","Grevillea linearifolia"
"1288","Fabronia scottiae"
"1289","Juncus kraussii subsp. australiensis"
"1290","Oxytes brachypoda"
"1291","Oenothera glazioviana"
"1292","Potamogeton sulcatus"
"1293","Campylopus clavatus"
"1294","Passiflora foetida"
"1295","Vittadinia pustulata"
"1296","Salvinia molesta"
"1297","Schoenoplectiella erecta"
"1298","Cyperus mirus"
"1299","Cyperus platystylis"
"1300","Gamochaeta purpurea"
"1301","Isolepis sepulcralis"
"1302","Galium liratum"
"1303","Pimelea linifolia subsp. linifolia"
"1304","Basella alba"
"1305","Lomandra gracilis"
"1306","Schoenus nitens"
"1307","Dawsonia longiseta"
"1308","Senecio tenuiflorus"
"1309","Cyperus reflexus"
"1310","Myriophyllum variifolium"
"1311","Calandrinia pickeringii"
"1312","Hypochaeris glabra"
"1313","Deyeuxia appressa"
"1314","Cassinia longifolia"
"1315","Bothriochloa decipiens"
"1316","Spirogyra crassa"
"1317","Ipomoea carnea"
"1318","Eriocaulon scariosum"
"1319","Hakea laevipes subsp. laevipes"
"1320","Eucalyptus parramattensis subsp. parramattensis"
"1321","Goodenia bellidifolia"
"1322","Pterostylis mutica"
"1323","Aira caryophyllea"
"1324","Comesperma ericinum"
"1325","Utricularia australis"
"1326","Eucalyptus obstans"
"1327","Hibbertia circumdans"
"1328","Medicago minima"
"1329","Rumex vesicarius"
"1330","Cryptandra ericoides"
"1331","Nicandra physalodes"
"1332","Schoenoplectus subulatus"
"1333","Machaerina juncea"
"1334","Cyperus imbecillis"
"1335","Digitaria diffusa"
"1336","Tephrosia grandiflora"
"1337","Hemarthria uncinata"
"1338","Acianthus caudatus"
"1339","Rumex pulcher"
"1340","Juncus capillaceus"
"1341","Cardamine occulta"
"1342","Limnobium laevigatum"
"1343","Fissidens homomallulus"
"1344","Poranthera corymbosa"
"1345","Pultenaea stipularis"
"1346","Romulea rosea var. australis"
"1347","Azolla filiculoides"
"1348","Thelionema caespitosum"
"1349","Poa labillardierei"
"1350","Bossiaea scolopendria"
"1351","Dysphania carinata"
"1352","Campylopus introflexus"
"1353","Cyperus laevis"
"1354","Dianella prunina"
"1355","Cardamine flexuosa"
"1356","Lepidosperma concavum"
"1357","Dillwynia rudis"
"1358","Grevillea buxifolia subsp. buxifolia"
"1359","Mirbelia baueri"
"1360","Isopterygium albescens"
"1361","Rytidosperma pilosum"
"1362","Eleocharis minuta"
"1363","Acacia echinula"
"1364","Pterostylis grandiflora"
"1365","Racopilum cuspidigerum var. convolutaceum"
"1366","Amaranthus hybridus"
"1367","Gratiola pedunculata"
"1368","Aotus ericoides"
"1369","Machaerina acuta"
"1370","Leontodon saxatilis"
"1371","Sporobolus elongatus"
"1372","Caladenia capillata"
"1373","Orthodontium pallens"
"1374","Jacksonia scoparia"
"1375","Solanum linnaeanum"
"1376","Hedera hibernica"
"1377","Hovea speciosa"
"1378","Cyperus tetraphyllus"
"1379","Acacia genistifolia"
"1380","Xanthorrhoea resinosa"
"1381","Grimmia pulvinata"
"1382","Centaurea melitensis"
"1383","Juncus homalocaulis"
"1384","Dysphania glomulifera"
"1385","Vittadinia sulcata"
"1386","Rosa bracteata"
"1387","Crassula helmsii"
"1388","Goodenia radicans"
"1389","Lepidium africanum"
"1390","Epacris obtusifolia"
"1391","Conospermum ericifolium"
"1392","Solanum betaceum"
"1393","Dysphania ambrosioides"
"1394","Xanthorrhoea media"
"1395","Deyeuxia quadriseta"
"1396","Phalaris arundinacea var. picta"
"1397","Atriplex australasica"
"1398","Rhytidosporum procumbens"
"1399","Lomandra brevis"
"1400","Cyperus albostriatus"
"1401","Macromitrium hemitrichodes"
"1402","Sisyrinchium rosulatum"
"1403","Verbena litoralis"
"1404","Isolepis inundata"
"1405","Fumaria muralis subsp. muralis"
"1406","Acacia bynoeana"
"1407","Lolium multiflorum"
"1408","Acacia maidenii"
"1409","Xanthium occidentale"
"1410","Smilax australis"
"1411","Plantago debilis"
"1412","Pterostylis obtusa"
"1413","Digitaria violascens"
"1414","Grevillea parviflora subsp. supplicans"
"1415","Leptospermum lanigerum"
"1416","Caladenia tessellata"
"1417","Pultenaea paleacea"
"1418","Setaria italica"
"1419","Amaranthus powellii"
"1420","Hibbertia puberula subsp. puberula"
"1421","Plantago coronopus subsp. commutata"
"1422","Campylopus sinensis"
"1423","Pterostylis revoluta"
"1424","Stypandra glauca"
"1425","Styphelia viridis"
"1426","Eriochilus petricola"
"1427","Philotheca myoporoides subsp. myoporoides"
"1428","Acacia burkittii"
"1429","Philotheca obovalis"
"1430","Litsea leefeana"
"1431","Austrostipa elegantissima"
"1432","Polyosma rigidiuscula"
"1433","Austrostipa rudis subsp. rudis"
"1434","Ptilotus seminudus"
"1435","Bulbophyllum johnsonii"
"1436","Bulbophyllum globuliforme"
"1437","Pyrorchis nigricans"
"1438","Corybas fimbriatus"
"1439","Pterostylis reflexa"
"1440","Sarcochilus hartmannii"
"1441","Dendrobium kingianum"
"1442","Pterostylis woollsii"
"1443","Caladenia moschata"
"1444","Rhinerrhiza divitiflora"
"1445","Phaius australis"
"1446","Sarcochilus falcatus"
"1447","Cymbidium canaliculatum"
"1448","Eucalyptus camfieldii"
"1449","Boronia anemonifolia subsp. variabilis"
"1450","Austrostipa verticillata"
"1451","Aristida calycina var. calycina"
"1452","Dichelachne rara"
"1453","Banksia aemula"
"1454","Aristida calycina"
"1455","Cyperus rotundus"
"1456","Leptospermum scoparium"
"1457","Aristida ramosa"
"1458","Agathis australis"
"1459","Melaleuca armillaris subsp. armillaris"
"1460","Juncus aridicola"
"1461","Metrosideros excelsa"
"1462","Prunus cerasifera"
"1463","Lablab purpureus"
"1464","Dimorphotheca pluvialis"
"1465","Prunus laurocerasus"
"1466","Coprosma repens"
"1467","Utricularia subulata"
"1468","Vicia faba"
"1469","Darwinia fascicularis"
"1470","Prunus persica"
"1471","Correa baeuerlenii"
"1472","Ageratina riparia"
"1473","Ageratum houstonianum"
"1474","Boronia barkeriana subsp. angustifolia"
"1475","Eragrostis cilianensis"
"1476","Diplachne fusca subsp. fusca"
"1477","Sparganium subglobosum"
"1478","Geranium brevicaule"
"1479","Eragrostis leptostachya"
"1480","Hypericum perforatum subsp. veronense"
"1481","Solanum pungetium"
"1482","Angophora bakeri subsp. crassifolia"
"1483","Pterostylis bicolor"
"1484","Telmatoblechnum indicum"
"1485","Schoenus ericetorum"
"1486","Petrophile canescens"
"1487","Eucalyptus sideroxylon subsp. sideroxylon"
"1488","Callistemon subulatus"
"1489","Cassinia denticulata"
"1490","Blechnum cartilagineum"
"1491","Gracilaria verrucosa"
"1492","Digitaria parviflora"
"1493","Enteropogon acicularis"
"1494","Juncus flavidus"
"1495","Spinifex sericeus"
"1496","Acrosorium ciliolatum"
"1497","Hemarthria uncinata var. spathacea"
"1498","Hakea eriantha"
"1499","Darwinia taxifolia subsp. macrolaena"
"1500","Hordeum hystrix"
"1501","Chondrophycus cruciatus"
"1502","Gonocarpus micranthus subsp. micranthus"
"1503","Macromitrium microstomum"
"1504","Pomaderris ligustrina subsp. ligustrina"
"1505","Amphibromus neesii"
"1506","Schoenus lepidosperma subsp. pachylepis"
"1507","Notothixos subaureus"
"1508","Amperea xiphoclada var. xiphoclada"
"1509","Digitaria velutina"
"1510","Polysiphonia abscissa"
"1511","Panicum simile"
"1512","Amaranthus macrocarpus"
"1513","Nassella neesiana"
"1514","Chrysanthemoides monilifera subsp. monilifera"
"1515","Asparagus macowanii"
"1516","Rubus fruticosus"
"1517","Hydrocleys nymphoides"
"1518","Sagittaria graminea"
"1519","Asparagus plumosus"
"1520","Solanum chrysotrichum"
"1521","Spartium junceum"
"1522","Asparagus densiflorus"
"1523","Asparagus scandens"
"1524","Chrysanthemoides monilifera subsp. rotundata"
"1525","Paederia foetida"
"1526","Pistia stratiotes"
"1527","Pontederia crassipes"
"1528","Salix nigra"
"1529","Opuntia microdasys"
"1530","Austrocylindropuntia subulata"
"1531","Broussonetia papyrifera"
"1532","Opuntia rufida"
"1533","Lycium ferocissimum"
"1534","Opuntia dillenii"
"1535","Persicaria chinensis"
"1536","Hypoestes phyllostachya"
"1537","Cytisus scoparius"
"1538","Gloriosa superba"
"1539","Carduus nutans"
"1540","Ailanthus altissima"
"1541","Euphorbia paralias"
"1542","Austrocylindropuntia cylindrica"
"1543","Egeria densa"
"1544","Ligustrum vulgare"
"1545","Salix cinerea"
"1546","Tamarix aphylla"
"1547","Hernandia bivalvis"
"1548","Hymenosporum flavum"
"1549","Acacia pravissima"
"1550","Carpobrotus glaucescens"
"1551","Acacia rubida"
"1552","Grevillea lanigera"
"1553","Spyridium scortechinii"
"1554","Pennantia cunninghamii"
"1555","Adenanthos sericeus"
"1556","Acacia boormanii"
"1557","Lechenaultia biloba"
"1558","Anigozanthos flavidus"
"1559","Austromyrtus tenuifolia"
"1560","Banksia undata"
"1561","Dracophyllum secundum"
"1562","Prostanthera teretifolia"
"1563","Austromyrtus dulcis"
"1564","Calytrix tetragona"
"1565","Spyridium parvifolium"
"1566","Eupomatia bennettii"
"1567","Acacia alata var. biglandulosa"
"1568","Linospadix monostachyos"
"1569","Podocarpus grayae"
"1570","Calothamnus pinifolius"
"1571","Rubus moluccanus"
"1572","Scaevola albida"
"1573","Acacia vestita"
"1574","Elattostachys xylocarpa"
"1575","Tetratheca thymifolia"
"1576","Cordyline petiolaris"
"1577","Chamelaucium uncinatum"
"1578","Grevillea petrophiloides"
"1579","Melaleuca decussata"
"1580","Prostanthera scutellarioides"
"1581","Philotheca difformis subsp. smithiana"
"1582","Melastoma affine"
"1583","Seringia hillii"
"1584","Grevillea tenuiloba"
"1585","Dicksonia antarctica"
"1586","Alyogyne huegelii"
"1587","Grevillea stenomera"
"1588","Phebalium whitei"
"1589","Psychotria loniceroides"
"1590","Ranunculus lappaceus"
"1591","Crowea saligna"
"1592","Hakea archaeoides"
"1593","Banksia plagiocarpa"
"1594","Lysiosepalum involucratum"
"1595","Grevillea victoriae"
"1596","Pseudanthus pimeleoides"
"1597","Agonis flexuosa"
"1598","Grevillea venusta"
"1599","Chorizema cordatum"
"1600","Chorilaena quercifolia"
"1601","Rhododendron lochiae"
"1602","Guichenotia macrantha"
"1603","Grevillea insignis"
"1604","Hibbertia acicularis"
"1605","Grevillea biternata"
"1606","Harpullia pendula"
"1607","Micromyrtus ciliata"
"1608","Orthrosanthus multiflorus"
"1609","Melaleuca squarrosa"
"1610","Banksia coccinea"
"1611","Bauera rubioides"
"1612","Melaleuca leucadendra"
"1613","Hibbertia vestita"
"1614","Westringia brevifolia"
"1615","Synoum glandulosum"
"1616","Xerochrysum bracteatum"
"1617","Amyema pendula"
"1618","Populus nigra"
"1619","Commersonia salviifolia"
"1620","Grevillea concinna subsp. lemanniana"
"1621","Potentilla indica"
"1622","Blandfordia grandiflora"
"1623","Dianella revoluta var. revoluta"
"1624","Wahlenbergia stricta subsp. stricta"
"1625","Tetratheca neglecta"
"1626","Crepis capillaris"
"1627","Gahnia sieberiana"
"1628","Verbena officinalis"
"1629","Dichondra sp. Inglewood (J.M.Dalby 86/93)"
"1630","Dianella longifolia var. longifolia"
"1631","Poa sieberiana"
"1632","Eucalyptus crebra"
"1633","Sporobolus creber"
"1634","Lomandra filiformis subsp. filiformis"
"1635","Crocosmia x crocosmiiflora"
"1636","Rytidosperma racemosum"
"1637","Cyperus difformis"
"1638","Bothriochloa decipiens var. decipiens"
"1639","Hedera helix"
"1640","Zoysia macrantha"
"1641","Senecio minimus"
"1642","Freesia leichtlinii subsp. leichtlinii x Freesia leichtlinii subsp. alba"
"1643","Notelaea johnsonii"
"1644","Nothoscordum borbonicum"
"1645","Backhousia myrtifolia"
"1646","Camellia japonica"
"1647","Lasiopetalum rufum"
"1648","Eucalyptus amplifolia"
"1649","Polyscias sambucifolia subsp. Short leaflets (V.Stajsic 196)"
"1650","Euchiton involucratus"
"1651","Eragrostis laniflora"
"1652","Digitaria eriantha"
"1653","Cassinia aculeata"
"1654","Dichelachne parva"
"1655","Lasiopetalum ferrugineum var. ferrugineum"
"1656","Juncus acutus subsp. acutus"
"1657","Onopordum acanthium"
"1658","Acacia cultriformis"
"1659","Pistacia chinensis"
"1660","Yucca aloifolia"
"1661","Tetraria capillaris"
"1662","Abutilon theophrasti"
"1663","Hibiscus brachysiphonius"
"1664","Toona ciliata"
"1665","Senecio diaschides"
"1666","Potamogeton crispus"
"1667","Gamochaeta coarctata"
"1668","Lomandra micrantha subsp. tuberculata"
"1669","Rorippa palustris"
"1670","Ficus obliqua"
"1671","Stellaria flaccida"
"1672","Paspalidium gracile"
"1673","Pultenaea linophylla"
"1674","Cyanthillium cinereum var. cinereum"
"1675","Senecio bathurstianus"
"1676","Lomandra glauca"
"1677","Eucalyptus viminalis"
"1678","Cryptandra spinescens"
"1679","Solidago altissima subsp. altissima"
"1680","Leptospermum polyanthum"
"1681","Eucalyptus acmenoides"
"1682","Rubus anglocandicans"
"1683","Poa labillardierei var. labillardierei"
"1684","Hypericum japonicum"
"1685","Asphodelus fistulosus"
"1686","Megathyrsus maximus var. maximus"
"1687","Acacia falciformis"
"1688","Hydrocotyle sibthorpioides"
"1689","Convolvulus arvensis"
"1690","Correa reflexa var. reflexa"
"1691","Aristolochia elegans"
"1692","Hesperocyparis lusitanica"
"1693","Correa alba var. alba"
"1694","Dracaena marginata"
"1695","Poa sieberiana var. sieberiana"
"1696","Hibiscus heterophyllus subsp. heterophyllus"
"1697","Cyperus enervis"
"1698","Arthropodium minus"
"1699","Echinopogon caespitosus var. caespitosus"
"1700","Acacia buxifolia"
"1701","Austrostipa setacea"
"1702","Allocasuarina torulosa"
"1703","Fimbristylis dichotoma"
"1704","Caesia parviflora var. parviflora"
"1705","Clivia miniata"
"1706","Cardiospermum halicacabum var. halicacabum"
"1707","Celtis occidentalis"
"1708","Parsonsia lanceolata"
"1709","Lagenophora stipitata"
"1710","Eragrostis parviflora"
"1711","Urtica incisa"
"1712","Passiflora subpeltata"
"1713","Hydrocotyle laxiflora"
"1714","Apium prostratum"
"1715","Rytidosperma monticola"
"1716","Vicia sativa subsp. sativa"
"1717","Cyathochaeta diandra"
"1718","Grevillea buxifolia"
"1719","Zornia dyctiocarpa var. dyctiocarpa"
"1720","Agapanthus praecox subsp. orientalis"
"1721","Dichanthium sericeum"
"1722","Brassica rapa"
"1723","Digitaria sanguinalis"
"1724","Callistemon sieberi"
"1725","Stephania japonica var. discolor"
"1726","Rosa rubiginosa"
"1727","Juncus vaginatus"
"1728","Wurmbea dioica subsp. dioica"
"1729","Hesperocyparis macrocarpa"
"1730","Baeckea diosmifolia"
"1731","Parapolystichum microsorum subsp. microsorum"
"1732","Andropogon virginicus"
"1733","Eucalyptus scoparia"
"1734","Araucaria bidwillii"
"1735","Fraxinus angustifolia subsp. angustifolia"
"1736","Spergularia levis"
"1737","Schizomeria ovata"
"1738","Harpephyllum caffrum"
"1739","Cymbalaria muralis subsp. muralis"
"1740","Psidium cattleyanum var. cattleyanum"
"1741","Palmeria scandens"
"1742","Lagenophora gracilis"
"1743","Eucalyptus nicholii"
"1744","Juncus tenuis"
"1745","Corymbia torelliana"
"1746","Ludwigia peploides subsp. montevidensis"
"1747","Hirschfeldia incana"
"1748","Eucalyptus squamosa"
"1749","Gnaphalium polycaulon"
"1750","Capillipedium parviflorum"
"1751","Saccharum officinarum"
"1752","Leptospermum juniperinum"
"1753","Lomandra confertifolia subsp. pallida"
"1754","Axonopus compressus"
"1755","Angophora subvelutina"
"1756","Hovea longifolia"
"1757","Pomaderris brunnea"
"1758","Dimorphotheca fruticosa"
"1759","Xanthorrhoea concava"
"1760","Austrostipa rudis"
"1761","Malva sylvestris"
"1762","Hibbertia empetrifolia subsp. empetrifolia"
"1763","Lepidium pseudohyssopifolium"
"1764","Ipomoea batatas"
"1765","Grevillea banksii"
"1766","Leichhardtia rostrata"
"1767","Gonocarpus longifolius"
"1768","Myoporum boninense subsp. australe"
"1769","Poa pratensis"
"1770","Cissus antarctica"
"1771","Impatiens walleriana"
"1772","Bidens subalternans"
"1773","Hakea propinqua"
"1774","Bauhinia variegata"
"1775","Bromus rubens"
"1776","Eucalyptus elata"
"1777","Coronidium telfordii"
"1778","Plantago gaudichaudii"
"1779","Bromus diandrus"
"1780","Eleocharis sphacelata"
"1781","Cassinia trinerva"
"1782","Isopogon anethifolius"
"1783","Caesia parviflora var. minor"
"1784","Phyllostachys nigra"
"1785","Lepidosperma filiforme"
"1786","Juncus remotiflorus"
"1787","Cassinia laevis"
"1788","Lasiopetalum ferrugineum var. cordatum"
"1789","Anogramma leptophylla"
"1790","Festuca elatior"
"1791","Leptospermum polygalifolium subsp. polygalifolium"
"1792","Avena sterilis"
"1793","Pultenaea parviflora"
"1794","Poranthera ericifolia"
"1795","Russelia equisetiformis"
"1796","Galium tricornutum"
"1797","Citharexylum spinosum"
"1798","Galium propinquum"
"1799","Bossiaea buxifolia"
"1800","Cassinia ochracea"
"1801","Gelsemium sempervirens"
"1802","Geitonoplesium cymosum"
"1803","Physalis peruviana"
"1804","Digitaria didactyla"
"1805","Urena lobata"
"1806","Gladiolus undulatus"
"1807","Rytidosperma pallidum"
"1808","Paraserianthes lophantha subsp. lophantha"
"1809","Lomandra fluviatilis"
"1810","Bryophyllum daigremontianum"
"1811","Spergula arvensis"
"1812","Emmenosperma alphitonioides"
"1813","Banksia integrifolia subsp. integrifolia"
"1814","Phoenix reclinata"
"1815","Nelumbo nucifera"
"1816","Pellaea viridis var. viridis"
"1817","Acacia elongata"
"1818","Opuntia elatior"
"1819","Eucalyptus melliodora"
"1820","Buxus microphylla"
"1821","Tragopogon porrifolius subsp. porrifolius"
"1822","Howea forsteriana"
"1823","Cordyline stricta"
"1824","Cymbonotus lawsonianus"
"1825","Glochidion ferdinandi var. ferdinandi"
"1826","Verbena hispida"
"1827","Paspalidium breviflorum"
"1828","Dianella caerulea var. assera"
"1829","Ficus pumila"
"1830","Centella cordifolia"
"1831","Mentha diemenica"
"1832","Archontophoenix cunninghamiana"
"1833","Eucalyptus umbra"
"1834","Acacia saliciformis"
"1835","Agrostis capillaris"
"1836","Phalaris canariensis"
"1837","Gahnia melanocarpa"
"1838","Photinia serratifolia"
"1839","Lachnagrostis aemula"
"1840","Polygonum arenastrum"
"1841","Dietes robinsoniana"
"1842","Galium leiocarpum"
"1843","Eucalyptus globulus subsp. bicostata"
"1844","Acacia irrorata subsp. irrorata"
"1845","Hibiscus rosa-sinensis"
"1846","Brachyscome triloba"
"1847","Nicotiana tabacum"
"1848","Hibbertia riparia"
"1849","Coronidium rutidolepis"
"1850","Mitrasacme paludosa"
"1851","Sporadanthus gracilis"
"1852","Lepidosperma latens"
"1853","Gleichenia microphylla"
"1854","Hypolaena fastigiata"
"1855","Philodendron bipinnatifidum"
"1856","Hibbertia linearis"
"1857","Eucalyptus consideniana"
"1858","Patersonia sericea var. longifolia"
"1859","Dietes bicolor"
"1860","Pultenaea retusa"
"1861","Utricularia dichotoma"
"1862","Persicaria maculosa"
"1863","Acca sellowiana"
"1864","Erica lusitanica"
"1865","Washingtonia filifera"
"1866","Erigeron conyzoides"
"1867","Diploglottis australis"
"1868","Schoenus moorei"
"1869","Gazania rigens"
"1870","Phalaris aquatica"
"1871","Scleria mackaviensis"
"1872","Orianthera pusilla"
"1873","Spergularia rubra"
"1874","Neoregelia carolinae"
"1875","Rosmarinus officinalis"
"1876","Crassula sarmentosa var. sarmentosa"
"1877","Dichelachne inaequiglumis"
"1878","Bidens bipinnata"
"1879","Morus nigra"
"1880","Eucalyptus canaliculata"
"1881","Chorizema parviflorum"
"1882","Cenchrus purpurascens"
"1883","Plantago coronopus subsp. coronopus"
"1884","Sida spinosa"
"1885","Oxalis chnoodes"
"1886","Aristea ecklonii"
"1887","Cycas revoluta"
"1888","Bromus brevis"
"1889","Allocasuarina diminuta subsp. mimica"
"1890","Cyperus aggregatus"
"1891","Utricularia lateriflora"
"1892","Wahlenbergia ceracea"
"1893","Goodenia bellidifolia subsp. bellidifolia"
"1894","Phyllota grandiflora"
"1895","Canna x generalis"
"1896","Goodenia heterophylla subsp. eglandulosa"
"1897","Seringia denticulata"
"1898","Acacia linearifolia"
"1899","Araucaria heterophylla"
"1900","Utricularia uliginosa"
"1901","Allium tuberosum"
"1902","Dizygotheca elegantissima"
"1903","Eucalyptus caleyi"
"1904","Swainsona galegifolia"
"1905","Ficus benjamina"
"1906","Mesembryanthemum cordifolium"
"1907","Pultenaea mollis"
"1908","Cenchrus ciliaris"
"1909","Bossiaea rhombifolia"
"1910","Pomaderris elliptica var. elliptica"
"1911","Capparis mitchellii"
"1912","Gahnia erythrocarpa"
"1913","Leucopogon microphyllus var. microphyllus"
"1914","Olearia elliptica"
"1915","Eucalyptus mannifera"
"1916","Roldana petasitis"
"1917","Salsola kali var. kali"
"1918","Juniperus chinensis"
"1919","Medicago truncatula"
"1920","Avena sativa"
"1921","Eriocephalus africanus"
"1922","Heptapleurum arboricola"
"1923","Chenopodium murale"
"1924","Thelymitra ixioides var. ixioides"
"1925","Lepidosperma urophorum"
"1926","Bidens tripartita"
"1927","Eucalyptus macrorhyncha"
"1928","Syzygium moorei"
"1929","Isolepis prolifera"
"1930","Eucalyptus major"
"1931","Cissus alata"
"1932","Tulbaghia violacea"
"1933","Pelargonium x asperum"
"1934","Opuntia tomentosa"
"1935","Philotheca salsolifolia"
"1936","Lindsaea trichomanoides"
"1937","Trifolium subterraneum"
"1938","Plumbago zeylanica"
"1939","Acacia schinoides"
"1940","Boronia ledifolia"
"1941","Pinus radiata"
"1942","Styphelia viridis subsp. viridis"
"1943","Daviesia genistifolia"
"1944","Ficus macrophylla f. macrophylla"
"1945","Luzula densiflora"
"1946","Plumeria obtusa"
"1947","Leichhardtia flavescens"
"1948","Kennedia prostrata"
"1949","Eucalyptus sieberi"
"1950","Eucalyptus alligatrix subsp. alligatrix"
"1951","Hakea teretifolia"
"1952","Calotis cuneata"
"1953","Senecio prenanthoides"
"1954","Alchornea ilicifolia"
"1955","Phaseolus vulgaris"
"1956","Iris germanica"
"1957","Hedychium coronarium"
"1958","Juncus effusus"
"1959","Comesperma sphaerocarpum"
"1960","Asterolasia correifolia"
"1961","Fabronia australis"
"1962","Macrocoma tenuis subsp. tenuis"
"1963","Anisomeles moschata"
"1964","Chloris barbata"
