OBJECTID,PCTID,Shape_Leng,Shape_Area,labels,PCTName,vegForm,vegClass,form_PCT
320334,0,21561.424802157569502,21491396.941383056342602,PCT : 0,Not native vegetation,Not native vegetation,Not native vegetation,(Not native vegetation) Not native vegetation
320401,0,4389.958800668660842,131614.460506265400909,PCT : 0,Not native vegetation,Not native vegetation,Not native vegetation,(Not native vegetation) Not native vegetation
320418,0,5128.377291732649610,103471.808464627887588,PCT : 0,Not native vegetation,Not native vegetation,Not native vegetation,(Not native vegetation) Not native vegetation
320447,0,6122.500523184310623,93103.168098010486574,PCT : 0,Not native vegetation,Not native vegetation,Not native vegetation,(Not native vegetation) Not native vegetation
322163,3592,4976.595658722272674,109029.519875820755260,PCT : 3592,Sydney Coastal Enriched Sandstone Forest,Dry Sclerophyll Forests (Shrubby sub-formation),Sydney Coastal Dry Sclerophyll Forests,(Dry Sclerophyll Forests (Shrubby sub-formation)) Sydney Coastal Enriched Sandstone Forest
322166,3592,5410.409973801401065,173009.226669184601633,PCT : 3592,Sydney Coastal Enriched Sandstone Forest,Dry Sclerophyll Forests (Shrubby sub-formation),Sydney Coastal Dry Sclerophyll Forests,(Dry Sclerophyll Forests (Shrubby sub-formation)) Sydney Coastal Enriched Sandstone Forest
324464,4091,5545.285123344537169,81199.485112435038900,PCT : 4091,Grey Mangrove-River Mangrove Forest,Saline Wetlands,Mangrove Swamps,(Saline Wetlands) Grey Mangrove-River Mangrove Forest
349696,0,5731.472747425180387,219168.683653273939854,PCT : 0,Not native vegetation,Not native vegetation,Not native vegetation,(Not native vegetation) Not native vegetation
349713,0,10018.758019158256502,557467.943535002297722,PCT : 0,Not native vegetation,Not native vegetation,Not native vegetation,(Not native vegetation) Not native vegetation
350080,0,8258.240694655843981,200621.665440498094540,PCT : 0,Not native vegetation,Not native vegetation,Not native vegetation,(Not native vegetation) Not native vegetation
350082,0,6239.411263982378841,347207.556816104450263,PCT : 0,Not native vegetation,Not native vegetation,Not native vegetation,(Not native vegetation) Not native vegetation
350092,0,6486.336118847501893,339640.920425403863192,PCT : 0,Not native vegetation,Not native vegetation,Not native vegetation,(Not native vegetation) Not native vegetation
358392,4024,5899.694797737844965,166768.026481689128559,PCT : 4024,Cumberland Blue Box Riverflat Forest,Forested Wetlands,Coastal Floodplain Wetlands,(Forested Wetlands) Cumberland Blue Box Riverflat Forest
320321,0,7213.909707260641881,830328.706787779228762,PCT : 0,Not native vegetation,Not native vegetation,Not native vegetation,(Not native vegetation) Not native vegetation
320322,0,16685.022496198518638,8311069.289837388321757,PCT : 0,Not native vegetation,Not native vegetation,Not native vegetation,(Not native vegetation) Not native vegetation
320324,0,9805.053852877181271,2910973.490146994590759,PCT : 0,Not native vegetation,Not native vegetation,Not native vegetation,(Not native vegetation) Not native vegetation
320326,0,8221.516475199859997,1890229.332150017609820,PCT : 0,Not native vegetation,Not native vegetation,Not native vegetation,(Not native vegetation) Not native vegetation
320327,0,7984.020099694854252,604950.609146771137603,PCT : 0,Not native vegetation,Not native vegetation,Not native vegetation,(Not native vegetation) Not native vegetation
320328,0,9731.321884079334268,2789718.507564859464765,PCT : 0,Not native vegetation,Not native vegetation,Not native vegetation,(Not native vegetation) Not native vegetation
320331,0,9506.109016255370079,795684.795669225743040,PCT : 0,Not native vegetation,Not native vegetation,Not native vegetation,(Not native vegetation) Not native vegetation
320332,0,13619.637211792411108,6989184.117143696174026,PCT : 0,Not native vegetation,Not native vegetation,Not native vegetation,(Not native vegetation) Not native vegetation
320333,0,10149.826724284823285,2317245.814834213815629,PCT : 0,Not native vegetation,Not native vegetation,Not native vegetation,(Not native vegetation) Not native vegetation
320335,0,18522.258066791269812,13494073.727430220693350,PCT : 0,Not native vegetation,Not native vegetation,Not native vegetation,(Not native vegetation) Not native vegetation
320336,0,19354.377398228185484,14945430.009120304137468,PCT : 0,Not native vegetation,Not native vegetation,Not native vegetation,(Not native vegetation) Not native vegetation
320341,0,10708.066342894473564,3025263.692055209074169,PCT : 0,Not native vegetation,Not native vegetation,Not native vegetation,(Not native vegetation) Not native vegetation
320342,0,6770.547323460466941,275413.514125029789284,PCT : 0,Not native vegetation,Not native vegetation,Not native vegetation,(Not native vegetation) Not native vegetation
320343,0,12965.743820844487345,5612660.694317908026278,PCT : 0,Not native vegetation,Not native vegetation,Not native vegetation,(Not native vegetation) Not native vegetation
320344,0,12307.393905822687884,4468982.026010820642114,PCT : 0,Not native vegetation,Not native vegetation,Not native vegetation,(Not native vegetation) Not native vegetation
320345,0,11252.646448937550304,2433142.075126858428121,PCT : 0,Not native vegetation,Not native vegetation,Not native vegetation,(Not native vegetation) Not native vegetation
320346,0,5273.155313745509375,205104.385527033911785,PCT : 0,Not native vegetation,Not native vegetation,Not native vegetation,(Not native vegetation) Not native vegetation
320347,0,5521.804213239355704,279559.505257808021270,PCT : 0,Not native vegetation,Not native vegetation,Not native vegetation,(Not native vegetation) Not native vegetation
320348,0,15156.345227983571021,9621154.937320796772838,PCT : 0,Not native vegetation,Not native vegetation,Not native vegetation,(Not native vegetation) Not native vegetation
320349,0,6431.963740171508107,430797.186754390364513,PCT : 0,Not native vegetation,Not native vegetation,Not native vegetation,(Not native vegetation) Not native vegetation
320350,0,12930.863100282449523,5876954.782270967960358,PCT : 0,Not native vegetation,Not native vegetation,Not native vegetation,(Not native vegetation) Not native vegetation
320351,0,16070.218766794234398,9629559.590803256258368,PCT : 0,Not native vegetation,Not native vegetation,Not native vegetation,(Not native vegetation) Not native vegetation
320352,0,7540.105685838863792,960959.254166406812146,PCT : 0,Not native vegetation,Not native vegetation,Not native vegetation,(Not native vegetation) Not native vegetation
320353,0,13835.062775887579846,5170231.114770049229264,PCT : 0,Not native vegetation,Not native vegetation,Not native vegetation,(Not native vegetation) Not native vegetation
320354,0,9218.663392328371629,1193965.485254538012668,PCT : 0,Not native vegetation,Not native vegetation,Not native vegetation,(Not native vegetation) Not native vegetation
320355,0,14164.454561808941435,4875713.521939760074019,PCT : 0,Not native vegetation,Not native vegetation,Not native vegetation,(Not native vegetation) Not native vegetation
320356,0,7796.888138382483703,1001231.064612185233273,PCT : 0,Not native vegetation,Not native vegetation,Not native vegetation,(Not native vegetation) Not native vegetation
320357,0,6784.683641733397053,417650.908611211576499,PCT : 0,Not native vegetation,Not native vegetation,Not native vegetation,(Not native vegetation) Not native vegetation
320358,0,22160.608376739270170,12092918.101375145837665,PCT : 0,Not native vegetation,Not native vegetation,Not native vegetation,(Not native vegetation) Not native vegetation
320360,0,10011.275967974561354,2897221.481396547518671,PCT : 0,Not native vegetation,Not native vegetation,Not native vegetation,(Not native vegetation) Not native vegetation
320375,0,5480.260106358767189,227961.727616284042597,PCT : 0,Not native vegetation,Not native vegetation,Not native vegetation,(Not native vegetation) Not native vegetation
320376,0,5240.913577125677875,43455.858514167040994,PCT : 0,Not native vegetation,Not native vegetation,Not native vegetation,(Not native vegetation) Not native vegetation
320378,0,3347.232163199948900,146649.769322132051457,PCT : 0,Not native vegetation,Not native vegetation,Not native vegetation,(Not native vegetation) Not native vegetation
320382,0,4064.627591848581687,78869.950681569898734,PCT : 0,Not native vegetation,Not native vegetation,Not native vegetation,(Not native vegetation) Not native vegetation
320387,0,7692.278592687503078,1052455.682305442169309,PCT : 0,Not native vegetation,Not native vegetation,Not native vegetation,(Not native vegetation) Not native vegetation
320389,0,5736.118741973553369,343562.381282735383138,PCT : 0,Not native vegetation,Not native vegetation,Not native vegetation,(Not native vegetation) Not native vegetation
320390,0,3544.475333147645415,118054.523695789423073,PCT : 0,Not native vegetation,Not native vegetation,Not native vegetation,(Not native vegetation) Not native vegetation
320391,0,5036.867357380744579,256156.121640771627426,PCT : 0,Not native vegetation,Not native vegetation,Not native vegetation,(Not native vegetation) Not native vegetation
320394,0,6957.329187642626493,389548.201809913909528,PCT : 0,Not native vegetation,Not native vegetation,Not native vegetation,(Not native vegetation) Not native vegetation
320395,0,5563.942926951704976,144440.224190781038487,PCT : 0,Not native vegetation,Not native vegetation,Not native vegetation,(Not native vegetation) Not native vegetation
320396,0,6546.804852310930073,1223336.265027818037197,PCT : 0,Not native vegetation,Not native vegetation,Not native vegetation,(Not native vegetation) Not native vegetation
320398,0,6115.085643390625592,365010.115759188774973,PCT : 0,Not native vegetation,Not native vegetation,Not native vegetation,(Not native vegetation) Not native vegetation
320399,0,5703.856578010430894,140484.805984583799727,PCT : 0,Not native vegetation,Not native vegetation,Not native vegetation,(Not native vegetation) Not native vegetation
320404,0,4490.406939218066327,53505.016825358929054,PCT : 0,Not native vegetation,Not native vegetation,Not native vegetation,(Not native vegetation) Not native vegetation
320408,0,5007.030591128503147,134143.681860915181460,PCT : 0,Not native vegetation,Not native vegetation,Not native vegetation,(Not native vegetation) Not native vegetation
320409,0,5052.824246744194170,94563.723904062280781,PCT : 0,Not native vegetation,Not native vegetation,Not native vegetation,(Not native vegetation) Not native vegetation
320411,0,5435.388120302671268,356856.719387216260657,PCT : 0,Not native vegetation,Not native vegetation,Not native vegetation,(Not native vegetation) Not native vegetation
320414,0,5048.731281349511846,137652.402407852961915,PCT : 0,Not native vegetation,Not native vegetation,Not native vegetation,(Not native vegetation) Not native vegetation
320415,0,5392.671908748745409,163362.114353271026630,PCT : 0,Not native vegetation,Not native vegetation,Not native vegetation,(Not native vegetation) Not native vegetation
320417,0,4940.263967265922474,56099.628875360525853,PCT : 0,Not native vegetation,Not native vegetation,Not native vegetation,(Not native vegetation) Not native vegetation
320419,0,5974.170090494109900,255405.486344194359845,PCT : 0,Not native vegetation,Not native vegetation,Not native vegetation,(Not native vegetation) Not native vegetation
320767,3040,5169.971368354505103,149082.609096544561908,PCT : 3040,Sydney Coastal Foreshores Gully Rainforest,Rainforests,Northern Warm Temperate Rainforests,(Rainforests) Sydney Coastal Foreshores Gully Rainforest
320941,3136,5602.325747462425170,78554.076822147486382,PCT : 3136,Blue Gum High Forest,Wet Sclerophyll Forests (Shrubby sub-formation),North Coast Wet Sclerophyll Forests,(Wet Sclerophyll Forests (Shrubby sub-formation)) Blue Gum High Forest
320942,3136,4779.547739264998199,88406.285261164754047,PCT : 3136,Blue Gum High Forest,Wet Sclerophyll Forests (Shrubby sub-formation),North Coast Wet Sclerophyll Forests,(Wet Sclerophyll Forests (Shrubby sub-formation)) Blue Gum High Forest
321564,3259,5249.269602152840889,71112.358112371439347,PCT : 3259,Sydney Coastal Shale-Sandstone Forest,Wet Sclerophyll Forests (Grassy sub-formation),Northern Hinterland Wet Sclerophyll Forests,(Wet Sclerophyll Forests (Grassy sub-formation)) Sydney Coastal Shale-Sandstone Forest
321565,3259,3900.799488796595142,36956.629744151308842,PCT : 3259,Sydney Coastal Shale-Sandstone Forest,Wet Sclerophyll Forests (Grassy sub-formation),Northern Hinterland Wet Sclerophyll Forests,(Wet Sclerophyll Forests (Grassy sub-formation)) Sydney Coastal Shale-Sandstone Forest
321706,3262,5197.625579199356253,49210.326631813994027,PCT : 3262,Sydney Turpentine Ironbark Forest,Wet Sclerophyll Forests (Grassy sub-formation),Northern Hinterland Wet Sclerophyll Forests,(Wet Sclerophyll Forests (Grassy sub-formation)) Sydney Turpentine Ironbark Forest
321707,3262,5708.954542923483132,79279.195676264323993,PCT : 3262,Sydney Turpentine Ironbark Forest,Wet Sclerophyll Forests (Grassy sub-formation),Northern Hinterland Wet Sclerophyll Forests,(Wet Sclerophyll Forests (Grassy sub-formation)) Sydney Turpentine Ironbark Forest
321708,3262,4949.430041364335011,45677.796457196694973,PCT : 3262,Sydney Turpentine Ironbark Forest,Wet Sclerophyll Forests (Grassy sub-formation),Northern Hinterland Wet Sclerophyll Forests,(Wet Sclerophyll Forests (Grassy sub-formation)) Sydney Turpentine Ironbark Forest
321709,3262,4995.010181118026594,76926.768600924944622,PCT : 3262,Sydney Turpentine Ironbark Forest,Wet Sclerophyll Forests (Grassy sub-formation),Northern Hinterland Wet Sclerophyll Forests,(Wet Sclerophyll Forests (Grassy sub-formation)) Sydney Turpentine Ironbark Forest
321710,3262,3349.432244805744631,36640.108719258663768,PCT : 3262,Sydney Turpentine Ironbark Forest,Wet Sclerophyll Forests (Grassy sub-formation),Northern Hinterland Wet Sclerophyll Forests,(Wet Sclerophyll Forests (Grassy sub-formation)) Sydney Turpentine Ironbark Forest
321711,3320,3953.428836324111671,32732.610434158887074,PCT : 3320,Cumberland Shale Plains Woodland,Grassy Woodlands,Coastal Valley Grassy Woodlands,(Grassy Woodlands) Cumberland Shale Plains Woodland
321822,3448,5834.664387330153659,184296.900252880819608,PCT : 3448,Castlereagh Ironbark Forest,Dry Sclerophyll Forests (Shrub/grass sub-formation),Cumberland Dry Sclerophyll Forests,(Dry Sclerophyll Forests (Shrub/grass sub-formation)) Castlereagh Ironbark Forest
321823,3448,5421.297282599826758,96778.081953020417131,PCT : 3448,Castlereagh Ironbark Forest,Dry Sclerophyll Forests (Shrub/grass sub-formation),Cumberland Dry Sclerophyll Forests,(Dry Sclerophyll Forests (Shrub/grass sub-formation)) Castlereagh Ironbark Forest
321824,3448,4466.674859624970850,48932.974278262969165,PCT : 3448,Castlereagh Ironbark Forest,Dry Sclerophyll Forests (Shrub/grass sub-formation),Cumberland Dry Sclerophyll Forests,(Dry Sclerophyll Forests (Shrub/grass sub-formation)) Castlereagh Ironbark Forest
321825,3448,5433.364957228403000,90924.451055094628828,PCT : 3448,Castlereagh Ironbark Forest,Dry Sclerophyll Forests (Shrub/grass sub-formation),Cumberland Dry Sclerophyll Forests,(Dry Sclerophyll Forests (Shrub/grass sub-formation)) Castlereagh Ironbark Forest
321826,3448,5760.483213900643932,108971.382872178437538,PCT : 3448,Castlereagh Ironbark Forest,Dry Sclerophyll Forests (Shrub/grass sub-formation),Cumberland Dry Sclerophyll Forests,(Dry Sclerophyll Forests (Shrub/grass sub-formation)) Castlereagh Ironbark Forest
321827,3448,5868.346120797989897,94054.502606091380585,PCT : 3448,Castlereagh Ironbark Forest,Dry Sclerophyll Forests (Shrub/grass sub-formation),Cumberland Dry Sclerophyll Forests,(Dry Sclerophyll Forests (Shrub/grass sub-formation)) Castlereagh Ironbark Forest
321828,3448,5925.103858370890521,120601.193087932057097,PCT : 3448,Castlereagh Ironbark Forest,Dry Sclerophyll Forests (Shrub/grass sub-formation),Cumberland Dry Sclerophyll Forests,(Dry Sclerophyll Forests (Shrub/grass sub-formation)) Castlereagh Ironbark Forest
321829,3448,5952.867045614032577,89611.022948685713345,PCT : 3448,Castlereagh Ironbark Forest,Dry Sclerophyll Forests (Shrub/grass sub-formation),Cumberland Dry Sclerophyll Forests,(Dry Sclerophyll Forests (Shrub/grass sub-formation)) Castlereagh Ironbark Forest
321830,3448,5919.731248804859206,91004.219069421189488,PCT : 3448,Castlereagh Ironbark Forest,Dry Sclerophyll Forests (Shrub/grass sub-formation),Cumberland Dry Sclerophyll Forests,(Dry Sclerophyll Forests (Shrub/grass sub-formation)) Castlereagh Ironbark Forest
321831,3448,6557.670830174661205,79033.388471755708451,PCT : 3448,Castlereagh Ironbark Forest,Dry Sclerophyll Forests (Shrub/grass sub-formation),Cumberland Dry Sclerophyll Forests,(Dry Sclerophyll Forests (Shrub/grass sub-formation)) Castlereagh Ironbark Forest
321832,3448,1553.084622703011291,12583.564863615489230,PCT : 3448,Castlereagh Ironbark Forest,Dry Sclerophyll Forests (Shrub/grass sub-formation),Cumberland Dry Sclerophyll Forests,(Dry Sclerophyll Forests (Shrub/grass sub-formation)) Castlereagh Ironbark Forest
322151,3592,3454.545175118164479,65251.417837762630370,PCT : 3592,Sydney Coastal Enriched Sandstone Forest,Dry Sclerophyll Forests (Shrubby sub-formation),Sydney Coastal Dry Sclerophyll Forests,(Dry Sclerophyll Forests (Shrubby sub-formation)) Sydney Coastal Enriched Sandstone Forest
322152,3592,5839.784797837181941,105540.052517217249260,PCT : 3592,Sydney Coastal Enriched Sandstone Forest,Dry Sclerophyll Forests (Shrubby sub-formation),Sydney Coastal Dry Sclerophyll Forests,(Dry Sclerophyll Forests (Shrubby sub-formation)) Sydney Coastal Enriched Sandstone Forest
322153,3592,4047.932050966900533,54765.541064825651119,PCT : 3592,Sydney Coastal Enriched Sandstone Forest,Dry Sclerophyll Forests (Shrubby sub-formation),Sydney Coastal Dry Sclerophyll Forests,(Dry Sclerophyll Forests (Shrubby sub-formation)) Sydney Coastal Enriched Sandstone Forest
322155,3592,4615.021702460820052,71107.390283006418031,PCT : 3592,Sydney Coastal Enriched Sandstone Forest,Dry Sclerophyll Forests (Shrubby sub-formation),Sydney Coastal Dry Sclerophyll Forests,(Dry Sclerophyll Forests (Shrubby sub-formation)) Sydney Coastal Enriched Sandstone Forest
322156,3592,5199.401597448829307,81379.335201633104589,PCT : 3592,Sydney Coastal Enriched Sandstone Forest,Dry Sclerophyll Forests (Shrubby sub-formation),Sydney Coastal Dry Sclerophyll Forests,(Dry Sclerophyll Forests (Shrubby sub-formation)) Sydney Coastal Enriched Sandstone Forest
322158,3592,4228.160303727028804,69710.140311339724576,PCT : 3592,Sydney Coastal Enriched Sandstone Forest,Dry Sclerophyll Forests (Shrubby sub-formation),Sydney Coastal Dry Sclerophyll Forests,(Dry Sclerophyll Forests (Shrubby sub-formation)) Sydney Coastal Enriched Sandstone Forest
322159,3592,5814.022221279964469,143622.633377865480725,PCT : 3592,Sydney Coastal Enriched Sandstone Forest,Dry Sclerophyll Forests (Shrubby sub-formation),Sydney Coastal Dry Sclerophyll Forests,(Dry Sclerophyll Forests (Shrubby sub-formation)) Sydney Coastal Enriched Sandstone Forest
322162,3592,5612.413674963493577,157573.048462209815625,PCT : 3592,Sydney Coastal Enriched Sandstone Forest,Dry Sclerophyll Forests (Shrubby sub-formation),Sydney Coastal Dry Sclerophyll Forests,(Dry Sclerophyll Forests (Shrubby sub-formation)) Sydney Coastal Enriched Sandstone Forest
322164,3592,5007.488188913452177,114717.417729365930427,PCT : 3592,Sydney Coastal Enriched Sandstone Forest,Dry Sclerophyll Forests (Shrubby sub-formation),Sydney Coastal Dry Sclerophyll Forests,(Dry Sclerophyll Forests (Shrubby sub-formation)) Sydney Coastal Enriched Sandstone Forest
322165,3592,5432.838128454039179,102902.628603636767366,PCT : 3592,Sydney Coastal Enriched Sandstone Forest,Dry Sclerophyll Forests (Shrubby sub-formation),Sydney Coastal Dry Sclerophyll Forests,(Dry Sclerophyll Forests (Shrubby sub-formation)) Sydney Coastal Enriched Sandstone Forest
322167,3592,3821.662725802930709,65009.676518742075132,PCT : 3592,Sydney Coastal Enriched Sandstone Forest,Dry Sclerophyll Forests (Shrubby sub-formation),Sydney Coastal Dry Sclerophyll Forests,(Dry Sclerophyll Forests (Shrubby sub-formation)) Sydney Coastal Enriched Sandstone Forest
322169,3592,4895.506050197535842,86176.799999768016278,PCT : 3592,Sydney Coastal Enriched Sandstone Forest,Dry Sclerophyll Forests (Shrubby sub-formation),Sydney Coastal Dry Sclerophyll Forests,(Dry Sclerophyll Forests (Shrubby sub-formation)) Sydney Coastal Enriched Sandstone Forest
322170,3592,2883.082370245595939,47987.879601622815244,PCT : 3592,Sydney Coastal Enriched Sandstone Forest,Dry Sclerophyll Forests (Shrubby sub-formation),Sydney Coastal Dry Sclerophyll Forests,(Dry Sclerophyll Forests (Shrubby sub-formation)) Sydney Coastal Enriched Sandstone Forest
322171,3592,4326.762166946517027,81013.292418663913850,PCT : 3592,Sydney Coastal Enriched Sandstone Forest,Dry Sclerophyll Forests (Shrubby sub-formation),Sydney Coastal Dry Sclerophyll Forests,(Dry Sclerophyll Forests (Shrubby sub-formation)) Sydney Coastal Enriched Sandstone Forest
322173,3592,5761.939169789534390,100483.474326476134593,PCT : 3592,Sydney Coastal Enriched Sandstone Forest,Dry Sclerophyll Forests (Shrubby sub-formation),Sydney Coastal Dry Sclerophyll Forests,(Dry Sclerophyll Forests (Shrubby sub-formation)) Sydney Coastal Enriched Sandstone Forest
322174,3592,5317.110651151614547,97469.442555386020103,PCT : 3592,Sydney Coastal Enriched Sandstone Forest,Dry Sclerophyll Forests (Shrubby sub-formation),Sydney Coastal Dry Sclerophyll Forests,(Dry Sclerophyll Forests (Shrubby sub-formation)) Sydney Coastal Enriched Sandstone Forest
322175,3592,4751.343525297026645,73047.208013639130513,PCT : 3592,Sydney Coastal Enriched Sandstone Forest,Dry Sclerophyll Forests (Shrubby sub-formation),Sydney Coastal Dry Sclerophyll Forests,(Dry Sclerophyll Forests (Shrubby sub-formation)) Sydney Coastal Enriched Sandstone Forest
322901,3594,4649.525941674979549,57220.565420665538113,PCT : 3594,Sydney Coastal Sandstone Foreshores Forest,Dry Sclerophyll Forests (Shrubby sub-formation),Sydney Coastal Dry Sclerophyll Forests,(Dry Sclerophyll Forests (Shrubby sub-formation)) Sydney Coastal Sandstone Foreshores Forest
322902,3594,4694.988283947354830,76350.033241754863411,PCT : 3594,Sydney Coastal Sandstone Foreshores Forest,Dry Sclerophyll Forests (Shrubby sub-formation),Sydney Coastal Dry Sclerophyll Forests,(Dry Sclerophyll Forests (Shrubby sub-formation)) Sydney Coastal Sandstone Foreshores Forest
322903,3594,5744.975196713611695,130514.931396537242108,PCT : 3594,Sydney Coastal Sandstone Foreshores Forest,Dry Sclerophyll Forests (Shrubby sub-formation),Sydney Coastal Dry Sclerophyll Forests,(Dry Sclerophyll Forests (Shrubby sub-formation)) Sydney Coastal Sandstone Foreshores Forest
323376,3595,5580.734568668956854,93195.564001820530393,PCT : 3595,Sydney Coastal Sandstone Gully Forest,Dry Sclerophyll Forests (Shrubby sub-formation),Sydney Coastal Dry Sclerophyll Forests,(Dry Sclerophyll Forests (Shrubby sub-formation)) Sydney Coastal Sandstone Gully Forest
323377,3595,5686.457190125071975,114356.895561539582559,PCT : 3595,Sydney Coastal Sandstone Gully Forest,Dry Sclerophyll Forests (Shrubby sub-formation),Sydney Coastal Dry Sclerophyll Forests,(Dry Sclerophyll Forests (Shrubby sub-formation)) Sydney Coastal Sandstone Gully Forest
323453,3615,5230.133793957726994,50181.989059793137130,PCT : 3615,Sydney Hinterland Apple-Blackbutt Gully Forest,Dry Sclerophyll Forests (Shrubby sub-formation),Sydney Hinterland Dry Sclerophyll Forests,(Dry Sclerophyll Forests (Shrubby sub-formation)) Sydney Hinterland Apple-Blackbutt Gully Forest
323456,3615,6047.566016227076034,111729.434986405714881,PCT : 3615,Sydney Hinterland Apple-Blackbutt Gully Forest,Dry Sclerophyll Forests (Shrubby sub-formation),Sydney Hinterland Dry Sclerophyll Forests,(Dry Sclerophyll Forests (Shrubby sub-formation)) Sydney Hinterland Apple-Blackbutt Gully Forest
323458,3615,4172.767144437086245,114858.713520815945230,PCT : 3615,Sydney Hinterland Apple-Blackbutt Gully Forest,Dry Sclerophyll Forests (Shrubby sub-formation),Sydney Hinterland Dry Sclerophyll Forests,(Dry Sclerophyll Forests (Shrubby sub-formation)) Sydney Hinterland Apple-Blackbutt Gully Forest
323459,3615,5061.247216984706029,96884.421499642397976,PCT : 3615,Sydney Hinterland Apple-Blackbutt Gully Forest,Dry Sclerophyll Forests (Shrubby sub-formation),Sydney Hinterland Dry Sclerophyll Forests,(Dry Sclerophyll Forests (Shrubby sub-formation)) Sydney Hinterland Apple-Blackbutt Gully Forest
323460,3615,5571.797700577657452,203717.349731151392916,PCT : 3615,Sydney Hinterland Apple-Blackbutt Gully Forest,Dry Sclerophyll Forests (Shrubby sub-formation),Sydney Hinterland Dry Sclerophyll Forests,(Dry Sclerophyll Forests (Shrubby sub-formation)) Sydney Hinterland Apple-Blackbutt Gully Forest
323465,3615,4544.667173834743153,127916.977752258433611,PCT : 3615,Sydney Hinterland Apple-Blackbutt Gully Forest,Dry Sclerophyll Forests (Shrubby sub-formation),Sydney Hinterland Dry Sclerophyll Forests,(Dry Sclerophyll Forests (Shrubby sub-formation)) Sydney Hinterland Apple-Blackbutt Gully Forest
323599,3619,4548.806748918663288,133069.370912486891029,PCT : 3619,Sydney Hinterland Enriched Sandstone Bloodwood Forest,Dry Sclerophyll Forests (Shrubby sub-formation),Sydney Hinterland Dry Sclerophyll Forests,(Dry Sclerophyll Forests (Shrubby sub-formation)) Sydney Hinterland Enriched Sandstone Bloodwood Forest
323600,3619,5056.684380191116361,133668.903127860743552,PCT : 3619,Sydney Hinterland Enriched Sandstone Bloodwood Forest,Dry Sclerophyll Forests (Shrubby sub-formation),Sydney Hinterland Dry Sclerophyll Forests,(Dry Sclerophyll Forests (Shrubby sub-formation)) Sydney Hinterland Enriched Sandstone Bloodwood Forest
323602,3619,5649.705315210141634,129363.243678293452831,PCT : 3619,Sydney Hinterland Enriched Sandstone Bloodwood Forest,Dry Sclerophyll Forests (Shrubby sub-formation),Sydney Hinterland Dry Sclerophyll Forests,(Dry Sclerophyll Forests (Shrubby sub-formation)) Sydney Hinterland Enriched Sandstone Bloodwood Forest
323604,3619,4063.313322064196200,179043.974625247647054,PCT : 3619,Sydney Hinterland Enriched Sandstone Bloodwood Forest,Dry Sclerophyll Forests (Shrubby sub-formation),Sydney Hinterland Dry Sclerophyll Forests,(Dry Sclerophyll Forests (Shrubby sub-formation)) Sydney Hinterland Enriched Sandstone Bloodwood Forest
323605,3619,4081.049103890622064,119454.597944648819976,PCT : 3619,Sydney Hinterland Enriched Sandstone Bloodwood Forest,Dry Sclerophyll Forests (Shrubby sub-formation),Sydney Hinterland Dry Sclerophyll Forests,(Dry Sclerophyll Forests (Shrubby sub-formation)) Sydney Hinterland Enriched Sandstone Bloodwood Forest
323607,3619,6241.915188010200836,196438.909760253998684,PCT : 3619,Sydney Hinterland Enriched Sandstone Bloodwood Forest,Dry Sclerophyll Forests (Shrubby sub-formation),Sydney Hinterland Dry Sclerophyll Forests,(Dry Sclerophyll Forests (Shrubby sub-formation)) Sydney Hinterland Enriched Sandstone Bloodwood Forest
323608,3619,3914.296180540636669,171513.800444952154066,PCT : 3619,Sydney Hinterland Enriched Sandstone Bloodwood Forest,Dry Sclerophyll Forests (Shrubby sub-formation),Sydney Hinterland Dry Sclerophyll Forests,(Dry Sclerophyll Forests (Shrubby sub-formation)) Sydney Hinterland Enriched Sandstone Bloodwood Forest
323611,3619,4516.191396960309248,207517.424265144945821,PCT : 3619,Sydney Hinterland Enriched Sandstone Bloodwood Forest,Dry Sclerophyll Forests (Shrubby sub-formation),Sydney Hinterland Dry Sclerophyll Forests,(Dry Sclerophyll Forests (Shrubby sub-formation)) Sydney Hinterland Enriched Sandstone Bloodwood Forest
323612,3619,5503.609140708267660,116542.349882650858490,PCT : 3619,Sydney Hinterland Enriched Sandstone Bloodwood Forest,Dry Sclerophyll Forests (Shrubby sub-formation),Sydney Hinterland Dry Sclerophyll Forests,(Dry Sclerophyll Forests (Shrubby sub-formation)) Sydney Hinterland Enriched Sandstone Bloodwood Forest
323613,3619,4274.775111719351116,149651.240580963087268,PCT : 3619,Sydney Hinterland Enriched Sandstone Bloodwood Forest,Dry Sclerophyll Forests (Shrubby sub-formation),Sydney Hinterland Dry Sclerophyll Forests,(Dry Sclerophyll Forests (Shrubby sub-formation)) Sydney Hinterland Enriched Sandstone Bloodwood Forest
323614,3619,6269.795124359815418,96314.905609626526712,PCT : 3619,Sydney Hinterland Enriched Sandstone Bloodwood Forest,Dry Sclerophyll Forests (Shrubby sub-formation),Sydney Hinterland Dry Sclerophyll Forests,(Dry Sclerophyll Forests (Shrubby sub-formation)) Sydney Hinterland Enriched Sandstone Bloodwood Forest
323615,3619,4039.489290656790217,48934.652147260792844,PCT : 3619,Sydney Hinterland Enriched Sandstone Bloodwood Forest,Dry Sclerophyll Forests (Shrubby sub-formation),Sydney Hinterland Dry Sclerophyll Forests,(Dry Sclerophyll Forests (Shrubby sub-formation)) Sydney Hinterland Enriched Sandstone Bloodwood Forest
323616,3619,5141.705296302698116,160629.716994629474357,PCT : 3619,Sydney Hinterland Enriched Sandstone Bloodwood Forest,Dry Sclerophyll Forests (Shrubby sub-formation),Sydney Hinterland Dry Sclerophyll Forests,(Dry Sclerophyll Forests (Shrubby sub-formation)) Sydney Hinterland Enriched Sandstone Bloodwood Forest
324084,3813,5835.570981134572321,180165.586597223620629,PCT : 3813,Sydney Hinterland Dwarf Apple Low Woodland,Heathlands,Sydney Coastal Heaths,(Heathlands) Sydney Hinterland Dwarf Apple Low Woodland
324085,3813,1462.616644368787547,27076.418165245308046,PCT : 3813,Sydney Hinterland Dwarf Apple Low Woodland,Heathlands,Sydney Coastal Heaths,(Heathlands) Sydney Hinterland Dwarf Apple Low Woodland
324087,3813,6079.726195329036273,235618.290145784732886,PCT : 3813,Sydney Hinterland Dwarf Apple Low Woodland,Heathlands,Sydney Coastal Heaths,(Heathlands) Sydney Hinterland Dwarf Apple Low Woodland
324265,3814,5523.382032234950202,96863.667127289605560,PCT : 3814,Woronora Plateau Heath-Mallee,Heathlands,Sydney Coastal Heaths,(Heathlands) Woronora Plateau Heath-Mallee
324266,3814,895.059929778293963,8940.309612528904836,PCT : 3814,Woronora Plateau Heath-Mallee,Heathlands,Sydney Coastal Heaths,(Heathlands) Woronora Plateau Heath-Mallee
324298,3963,5212.392822455875830,97832.365849438807345,PCT : 3963,Estuarine Reedland,Freshwater Wetlands,Coastal Freshwater Lagoons,(Freshwater Wetlands) Estuarine Reedland
324299,3963,5606.898010802525278,72208.058784733497305,PCT : 3963,Estuarine Reedland,Freshwater Wetlands,Coastal Freshwater Lagoons,(Freshwater Wetlands) Estuarine Reedland
324300,3963,4828.742885579403264,65842.911344114952954,PCT : 3963,Estuarine Reedland,Freshwater Wetlands,Coastal Freshwater Lagoons,(Freshwater Wetlands) Estuarine Reedland
324304,3972,5395.154244619385281,65033.991671140975086,PCT : 3972,Sydney Creekflat Wetland,Freshwater Wetlands,Coastal Freshwater Lagoons,(Freshwater Wetlands) Sydney Creekflat Wetland
324306,3972,3926.048510499220356,53720.551587646121334,PCT : 3972,Sydney Creekflat Wetland,Freshwater Wetlands,Coastal Freshwater Lagoons,(Freshwater Wetlands) Sydney Creekflat Wetland
324325,4006,4343.514366668300681,53926.069014052329294,PCT : 4006,Northern Paperbark-Swamp Mahogany Saw-sedge Forest,Forested Wetlands,Coastal Swamp Forests,(Forested Wetlands) Northern Paperbark-Swamp Mahogany Saw-sedge Forest
324342,4024,5799.261506074522003,76788.019955196970841,PCT : 4024,Cumberland Blue Box Riverflat Forest,Forested Wetlands,Coastal Floodplain Wetlands,(Forested Wetlands) Cumberland Blue Box Riverflat Forest
324343,4024,5404.856848635565257,57250.567882920622651,PCT : 4024,Cumberland Blue Box Riverflat Forest,Forested Wetlands,Coastal Floodplain Wetlands,(Forested Wetlands) Cumberland Blue Box Riverflat Forest
324344,4024,5574.948540367271562,57147.007117861809093,PCT : 4024,Cumberland Blue Box Riverflat Forest,Forested Wetlands,Coastal Floodplain Wetlands,(Forested Wetlands) Cumberland Blue Box Riverflat Forest
324358,4027,4306.284782808195814,58869.590929078112822,PCT : 4027,Estuarine Swamp Oak-Mangrove Forest,Forested Wetlands,Coastal Floodplain Wetlands,(Forested Wetlands) Estuarine Swamp Oak-Mangrove Forest
324386,4028,5652.953980561768731,55594.570186081378779,PCT : 4028,Estuarine Swamp Oak Twig-rush Forest,Forested Wetlands,Coastal Floodplain Wetlands,(Forested Wetlands) Estuarine Swamp Oak Twig-rush Forest
324387,4028,5415.462523782412063,47579.312115831642586,PCT : 4028,Estuarine Swamp Oak Twig-rush Forest,Forested Wetlands,Coastal Floodplain Wetlands,(Forested Wetlands) Estuarine Swamp Oak Twig-rush Forest
324388,4028,5741.486086523845188,85728.569331021091784,PCT : 4028,Estuarine Swamp Oak Twig-rush Forest,Forested Wetlands,Coastal Floodplain Wetlands,(Forested Wetlands) Estuarine Swamp Oak Twig-rush Forest
324389,4028,5461.181023520188319,55519.203593262303912,PCT : 4028,Estuarine Swamp Oak Twig-rush Forest,Forested Wetlands,Coastal Floodplain Wetlands,(Forested Wetlands) Estuarine Swamp Oak Twig-rush Forest
324390,4028,5462.636615380299190,50061.364880457935215,PCT : 4028,Estuarine Swamp Oak Twig-rush Forest,Forested Wetlands,Coastal Floodplain Wetlands,(Forested Wetlands) Estuarine Swamp Oak Twig-rush Forest
324399,4057,5871.486128498389917,86056.214662529528141,PCT : 4057,Sydney Creekflat Swamp Mahogany-Paperbark Forest,Forested Wetlands,Coastal Floodplain Wetlands,(Forested Wetlands) Sydney Creekflat Swamp Mahogany-Paperbark Forest
324400,4057,3348.033662457455193,49290.678410526656080,PCT : 4057,Sydney Creekflat Swamp Mahogany-Paperbark Forest,Forested Wetlands,Coastal Floodplain Wetlands,(Forested Wetlands) Sydney Creekflat Swamp Mahogany-Paperbark Forest
324458,4091,5707.082725602157552,63956.710499110515229,PCT : 4091,Grey Mangrove-River Mangrove Forest,Saline Wetlands,Mangrove Swamps,(Saline Wetlands) Grey Mangrove-River Mangrove Forest
324459,4091,2881.338243847689228,76474.931274246948306,PCT : 4091,Grey Mangrove-River Mangrove Forest,Saline Wetlands,Mangrove Swamps,(Saline Wetlands) Grey Mangrove-River Mangrove Forest
324460,4091,5724.029583208397526,208434.874169958929997,PCT : 4091,Grey Mangrove-River Mangrove Forest,Saline Wetlands,Mangrove Swamps,(Saline Wetlands) Grey Mangrove-River Mangrove Forest
324463,4091,3401.445552150121785,43981.302056680506212,PCT : 4091,Grey Mangrove-River Mangrove Forest,Saline Wetlands,Mangrove Swamps,(Saline Wetlands) Grey Mangrove-River Mangrove Forest
324465,4091,6034.526766906460580,89388.786382885795319,PCT : 4091,Grey Mangrove-River Mangrove Forest,Saline Wetlands,Mangrove Swamps,(Saline Wetlands) Grey Mangrove-River Mangrove Forest
324466,4091,5611.293751501326369,65233.481297084916150,PCT : 4091,Grey Mangrove-River Mangrove Forest,Saline Wetlands,Mangrove Swamps,(Saline Wetlands) Grey Mangrove-River Mangrove Forest
324467,4091,6433.992421901509260,165899.855088616837747,PCT : 4091,Grey Mangrove-River Mangrove Forest,Saline Wetlands,Mangrove Swamps,(Saline Wetlands) Grey Mangrove-River Mangrove Forest
324468,4091,5946.783689139772832,114009.888105062607792,PCT : 4091,Grey Mangrove-River Mangrove Forest,Saline Wetlands,Mangrove Swamps,(Saline Wetlands) Grey Mangrove-River Mangrove Forest
324469,4091,2626.063121536857579,30257.184803995289258,PCT : 4091,Grey Mangrove-River Mangrove Forest,Saline Wetlands,Mangrove Swamps,(Saline Wetlands) Grey Mangrove-River Mangrove Forest
324470,4091,5773.124493366542083,156156.053187021170743,PCT : 4091,Grey Mangrove-River Mangrove Forest,Saline Wetlands,Mangrove Swamps,(Saline Wetlands) Grey Mangrove-River Mangrove Forest
324471,4091,5965.250501385507050,70046.622451469505904,PCT : 4091,Grey Mangrove-River Mangrove Forest,Saline Wetlands,Mangrove Swamps,(Saline Wetlands) Grey Mangrove-River Mangrove Forest
324481,4097,5999.083177336529843,68723.226955114965676,PCT : 4097,Samphire Saltmarsh,Saline Wetlands,Saltmarshes,(Saline Wetlands) Samphire Saltmarsh
324482,4097,5033.650916471598975,63660.557289311407658,PCT : 4097,Samphire Saltmarsh,Saline Wetlands,Saltmarshes,(Saline Wetlands) Samphire Saltmarsh
324483,4097,5868.298757599543023,67970.101508929059491,PCT : 4097,Samphire Saltmarsh,Saline Wetlands,Saltmarshes,(Saline Wetlands) Samphire Saltmarsh
324514,32767,5595.215339514263178,2226.234703132660798,PCT : 32767,Unattributed,Unattributed,Unattributed,(Unattributed) Unattributed
349694,0,4693.280057668755035,101038.769708665582584,PCT : 0,Not native vegetation,Not native vegetation,Not native vegetation,(Not native vegetation) Not native vegetation
349697,0,5950.872353018041395,174375.777280804759357,PCT : 0,Not native vegetation,Not native vegetation,Not native vegetation,(Not native vegetation) Not native vegetation
349698,0,7030.846297610253714,536993.944983685505576,PCT : 0,Not native vegetation,Not native vegetation,Not native vegetation,(Not native vegetation) Not native vegetation
349700,0,5483.936878207363407,79206.406527850092971,PCT : 0,Not native vegetation,Not native vegetation,Not native vegetation,(Not native vegetation) Not native vegetation
349704,0,5967.257109111645150,160870.210844984947471,PCT : 0,Not native vegetation,Not native vegetation,Not native vegetation,(Not native vegetation) Not native vegetation
349705,0,10114.725617939320728,1914569.333744616713375,PCT : 0,Not native vegetation,Not native vegetation,Not native vegetation,(Not native vegetation) Not native vegetation
349708,0,6618.904108677583281,524737.687196700018831,PCT : 0,Not native vegetation,Not native vegetation,Not native vegetation,(Not native vegetation) Not native vegetation
349709,0,10122.849782226814568,1731764.265988591825590,PCT : 0,Not native vegetation,Not native vegetation,Not native vegetation,(Not native vegetation) Not native vegetation
349712,0,15856.405246857342718,6753764.838212958537042,PCT : 0,Not native vegetation,Not native vegetation,Not native vegetation,(Not native vegetation) Not native vegetation
349715,0,11957.213156426108981,2193646.777782039716840,PCT : 0,Not native vegetation,Not native vegetation,Not native vegetation,(Not native vegetation) Not native vegetation
349719,0,5529.606284973956463,58081.579682337644044,PCT : 0,Not native vegetation,Not native vegetation,Not native vegetation,(Not native vegetation) Not native vegetation
350073,0,6281.522975136540481,383813.944346371805295,PCT : 0,Not native vegetation,Not native vegetation,Not native vegetation,(Not native vegetation) Not native vegetation
350075,0,8108.323790198060124,205515.964220265363110,PCT : 0,Not native vegetation,Not native vegetation,Not native vegetation,(Not native vegetation) Not native vegetation
350079,0,4724.849039351422107,150053.448364749085158,PCT : 0,Not native vegetation,Not native vegetation,Not native vegetation,(Not native vegetation) Not native vegetation
350081,0,5750.586885215535403,59118.341386110521853,PCT : 0,Not native vegetation,Not native vegetation,Not native vegetation,(Not native vegetation) Not native vegetation
350084,0,7420.111820273870762,512485.113954675616696,PCT : 0,Not native vegetation,Not native vegetation,Not native vegetation,(Not native vegetation) Not native vegetation
350086,0,6121.884205046089846,163166.440322964248480,PCT : 0,Not native vegetation,Not native vegetation,Not native vegetation,(Not native vegetation) Not native vegetation
350087,0,11376.607091518566449,2366176.369111739099026,PCT : 0,Not native vegetation,Not native vegetation,Not native vegetation,(Not native vegetation) Not native vegetation
350088,0,9796.670720750282271,879547.705178197356872,PCT : 0,Not native vegetation,Not native vegetation,Not native vegetation,(Not native vegetation) Not native vegetation
350089,0,8526.500999206324195,1076899.377136570634320,PCT : 0,Not native vegetation,Not native vegetation,Not native vegetation,(Not native vegetation) Not native vegetation
350091,0,10408.782191772503211,1166599.429034038446844,PCT : 0,Not native vegetation,Not native vegetation,Not native vegetation,(Not native vegetation) Not native vegetation
350093,0,12278.143143026492908,3423078.801814212929457,PCT : 0,Not native vegetation,Not native vegetation,Not native vegetation,(Not native vegetation) Not native vegetation
350094,0,6547.049521880701832,306045.286606726876926,PCT : 0,Not native vegetation,Not native vegetation,Not native vegetation,(Not native vegetation) Not native vegetation
350095,0,7585.737714710978253,385771.632013555150479,PCT : 0,Not native vegetation,Not native vegetation,Not native vegetation,(Not native vegetation) Not native vegetation
350100,0,7591.610886564503744,539546.715425064088777,PCT : 0,Not native vegetation,Not native vegetation,Not native vegetation,(Not native vegetation) Not native vegetation
350103,0,9712.391161492183528,1972811.497811188688502,PCT : 0,Not native vegetation,Not native vegetation,Not native vegetation,(Not native vegetation) Not native vegetation
350105,0,9921.422083638950426,1055000.089610465336591,PCT : 0,Not native vegetation,Not native vegetation,Not native vegetation,(Not native vegetation) Not native vegetation
350106,0,7018.579627420995166,355229.763998358452227,PCT : 0,Not native vegetation,Not native vegetation,Not native vegetation,(Not native vegetation) Not native vegetation
350107,0,9781.663644463707897,856521.515654753311537,PCT : 0,Not native vegetation,Not native vegetation,Not native vegetation,(Not native vegetation) Not native vegetation
350108,0,3651.789962515274055,67753.962478948422358,PCT : 0,Not native vegetation,Not native vegetation,Not native vegetation,(Not native vegetation) Not native vegetation
350109,0,6064.704678893272103,69879.678742163654533,PCT : 0,Not native vegetation,Not native vegetation,Not native vegetation,(Not native vegetation) Not native vegetation
350110,0,4053.902320577284172,26392.059380892093031,PCT : 0,Not native vegetation,Not native vegetation,Not native vegetation,(Not native vegetation) Not native vegetation
350426,0,6593.954720943641405,333350.518891633255407,PCT : 0,Not native vegetation,Not native vegetation,Not native vegetation,(Not native vegetation) Not native vegetation
350427,0,5346.406108728495383,55457.025540535905748,PCT : 0,Not native vegetation,Not native vegetation,Not native vegetation,(Not native vegetation) Not native vegetation
350430,0,8142.865773622041161,579085.577303358353674,PCT : 0,Not native vegetation,Not native vegetation,Not native vegetation,(Not native vegetation) Not native vegetation
350431,0,5675.218411249924429,157955.769175315042958,PCT : 0,Not native vegetation,Not native vegetation,Not native vegetation,(Not native vegetation) Not native vegetation
350436,0,5722.581502850265679,89930.384462170855841,PCT : 0,Not native vegetation,Not native vegetation,Not native vegetation,(Not native vegetation) Not native vegetation
350437,0,5389.822468907068469,126327.800545336125651,PCT : 0,Not native vegetation,Not native vegetation,Not native vegetation,(Not native vegetation) Not native vegetation
350438,0,6416.551059874711427,270227.275950614886824,PCT : 0,Not native vegetation,Not native vegetation,Not native vegetation,(Not native vegetation) Not native vegetation
350447,0,8665.836140144576348,515197.657856411067769,PCT : 0,Not native vegetation,Not native vegetation,Not native vegetation,(Not native vegetation) Not native vegetation
350452,0,5797.461231060176942,65128.556745138135739,PCT : 0,Not native vegetation,Not native vegetation,Not native vegetation,(Not native vegetation) Not native vegetation
350456,0,6622.334550207548091,195789.703428161417833,PCT : 0,Not native vegetation,Not native vegetation,Not native vegetation,(Not native vegetation) Not native vegetation
350458,0,5638.460690404899651,447983.216285367903765,PCT : 0,Not native vegetation,Not native vegetation,Not native vegetation,(Not native vegetation) Not native vegetation
351298,3259,5719.507162290669839,82667.667431846028194,PCT : 3259,Sydney Coastal Shale-Sandstone Forest,Wet Sclerophyll Forests (Grassy sub-formation),Northern Hinterland Wet Sclerophyll Forests,(Wet Sclerophyll Forests (Grassy sub-formation)) Sydney Coastal Shale-Sandstone Forest
351299,3259,1208.797457837274806,17115.955723143175419,PCT : 3259,Sydney Coastal Shale-Sandstone Forest,Wet Sclerophyll Forests (Grassy sub-formation),Northern Hinterland Wet Sclerophyll Forests,(Wet Sclerophyll Forests (Grassy sub-formation)) Sydney Coastal Shale-Sandstone Forest
351486,3262,5164.200622963157002,53959.504895986545307,PCT : 3262,Sydney Turpentine Ironbark Forest,Wet Sclerophyll Forests (Grassy sub-formation),Northern Hinterland Wet Sclerophyll Forests,(Wet Sclerophyll Forests (Grassy sub-formation)) Sydney Turpentine Ironbark Forest
351496,3262,4541.753480213788862,102788.490636734379223,PCT : 3262,Sydney Turpentine Ironbark Forest,Wet Sclerophyll Forests (Grassy sub-formation),Northern Hinterland Wet Sclerophyll Forests,(Wet Sclerophyll Forests (Grassy sub-formation)) Sydney Turpentine Ironbark Forest
351499,3262,5361.642124744090324,150979.603053770668339,PCT : 3262,Sydney Turpentine Ironbark Forest,Wet Sclerophyll Forests (Grassy sub-formation),Northern Hinterland Wet Sclerophyll Forests,(Wet Sclerophyll Forests (Grassy sub-formation)) Sydney Turpentine Ironbark Forest
352897,3320,3705.611279756576096,82465.605267485196237,PCT : 3320,Cumberland Shale Plains Woodland,Grassy Woodlands,Coastal Valley Grassy Woodlands,(Grassy Woodlands) Cumberland Shale Plains Woodland
352898,3320,4105.750922623284168,85907.738767115937662,PCT : 3320,Cumberland Shale Plains Woodland,Grassy Woodlands,Coastal Valley Grassy Woodlands,(Grassy Woodlands) Cumberland Shale Plains Woodland
352899,3320,5546.334853469441441,69054.734715859260177,PCT : 3320,Cumberland Shale Plains Woodland,Grassy Woodlands,Coastal Valley Grassy Woodlands,(Grassy Woodlands) Cumberland Shale Plains Woodland
352900,3320,5542.887470459339966,102116.872886520272004,PCT : 3320,Cumberland Shale Plains Woodland,Grassy Woodlands,Coastal Valley Grassy Woodlands,(Grassy Woodlands) Cumberland Shale Plains Woodland
353128,3320,3959.053915950272312,94588.562738429871388,PCT : 3320,Cumberland Shale Plains Woodland,Grassy Woodlands,Coastal Valley Grassy Woodlands,(Grassy Woodlands) Cumberland Shale Plains Woodland
353129,3320,5591.179106708184008,52004.080607387622877,PCT : 3320,Cumberland Shale Plains Woodland,Grassy Woodlands,Coastal Valley Grassy Woodlands,(Grassy Woodlands) Cumberland Shale Plains Woodland
353130,3320,5307.877310825017958,84382.914709806354949,PCT : 3320,Cumberland Shale Plains Woodland,Grassy Woodlands,Coastal Valley Grassy Woodlands,(Grassy Woodlands) Cumberland Shale Plains Woodland
353131,3320,4112.193174851344338,271443.275071468029637,PCT : 3320,Cumberland Shale Plains Woodland,Grassy Woodlands,Coastal Valley Grassy Woodlands,(Grassy Woodlands) Cumberland Shale Plains Woodland
353132,3320,5622.053488896569434,117273.680686808249447,PCT : 3320,Cumberland Shale Plains Woodland,Grassy Woodlands,Coastal Valley Grassy Woodlands,(Grassy Woodlands) Cumberland Shale Plains Woodland
353133,3320,5589.130795588444016,60015.844759348576190,PCT : 3320,Cumberland Shale Plains Woodland,Grassy Woodlands,Coastal Valley Grassy Woodlands,(Grassy Woodlands) Cumberland Shale Plains Woodland
354482,3448,5459.971977725892430,53378.622973865458334,PCT : 3448,Castlereagh Ironbark Forest,Dry Sclerophyll Forests (Shrub/grass sub-formation),Cumberland Dry Sclerophyll Forests,(Dry Sclerophyll Forests (Shrub/grass sub-formation)) Castlereagh Ironbark Forest
354483,3448,5604.128604628276662,108288.460258715029340,PCT : 3448,Castlereagh Ironbark Forest,Dry Sclerophyll Forests (Shrub/grass sub-formation),Cumberland Dry Sclerophyll Forests,(Dry Sclerophyll Forests (Shrub/grass sub-formation)) Castlereagh Ironbark Forest
354484,3448,2528.626538703228107,45937.626149772921053,PCT : 3448,Castlereagh Ironbark Forest,Dry Sclerophyll Forests (Shrub/grass sub-formation),Cumberland Dry Sclerophyll Forests,(Dry Sclerophyll Forests (Shrub/grass sub-formation)) Castlereagh Ironbark Forest
354492,3448,4904.567321928216188,65360.525804346507357,PCT : 3448,Castlereagh Ironbark Forest,Dry Sclerophyll Forests (Shrub/grass sub-formation),Cumberland Dry Sclerophyll Forests,(Dry Sclerophyll Forests (Shrub/grass sub-formation)) Castlereagh Ironbark Forest
354493,3448,5589.364063450105277,124056.260817310714629,PCT : 3448,Castlereagh Ironbark Forest,Dry Sclerophyll Forests (Shrub/grass sub-formation),Cumberland Dry Sclerophyll Forests,(Dry Sclerophyll Forests (Shrub/grass sub-formation)) Castlereagh Ironbark Forest
354494,3448,5036.906057190872161,90072.955954099539667,PCT : 3448,Castlereagh Ironbark Forest,Dry Sclerophyll Forests (Shrub/grass sub-formation),Cumberland Dry Sclerophyll Forests,(Dry Sclerophyll Forests (Shrub/grass sub-formation)) Castlereagh Ironbark Forest
354496,3448,5860.764319282006909,115289.791584962367779,PCT : 3448,Castlereagh Ironbark Forest,Dry Sclerophyll Forests (Shrub/grass sub-formation),Cumberland Dry Sclerophyll Forests,(Dry Sclerophyll Forests (Shrub/grass sub-formation)) Castlereagh Ironbark Forest
354497,3448,4802.866112898892425,196155.639771491842112,PCT : 3448,Castlereagh Ironbark Forest,Dry Sclerophyll Forests (Shrub/grass sub-formation),Cumberland Dry Sclerophyll Forests,(Dry Sclerophyll Forests (Shrub/grass sub-formation)) Castlereagh Ironbark Forest
354498,3448,5670.379156996976235,81330.921765762541327,PCT : 3448,Castlereagh Ironbark Forest,Dry Sclerophyll Forests (Shrub/grass sub-formation),Cumberland Dry Sclerophyll Forests,(Dry Sclerophyll Forests (Shrub/grass sub-formation)) Castlereagh Ironbark Forest
354499,3448,5674.024314988107108,68295.328816787688993,PCT : 3448,Castlereagh Ironbark Forest,Dry Sclerophyll Forests (Shrub/grass sub-formation),Cumberland Dry Sclerophyll Forests,(Dry Sclerophyll Forests (Shrub/grass sub-formation)) Castlereagh Ironbark Forest
354845,3592,3413.646071450781164,46178.491210069572844,PCT : 3592,Sydney Coastal Enriched Sandstone Forest,Dry Sclerophyll Forests (Shrubby sub-formation),Sydney Coastal Dry Sclerophyll Forests,(Dry Sclerophyll Forests (Shrubby sub-formation)) Sydney Coastal Enriched Sandstone Forest
355443,3615,5983.736123476549437,126913.832672609220026,PCT : 3615,Sydney Hinterland Apple-Blackbutt Gully Forest,Dry Sclerophyll Forests (Shrubby sub-formation),Sydney Hinterland Dry Sclerophyll Forests,(Dry Sclerophyll Forests (Shrubby sub-formation)) Sydney Hinterland Apple-Blackbutt Gully Forest
355444,3615,5616.921187080842174,108525.571502251681522,PCT : 3615,Sydney Hinterland Apple-Blackbutt Gully Forest,Dry Sclerophyll Forests (Shrubby sub-formation),Sydney Hinterland Dry Sclerophyll Forests,(Dry Sclerophyll Forests (Shrubby sub-formation)) Sydney Hinterland Apple-Blackbutt Gully Forest
355445,3615,6022.595098080968455,74671.415645670291269,PCT : 3615,Sydney Hinterland Apple-Blackbutt Gully Forest,Dry Sclerophyll Forests (Shrubby sub-formation),Sydney Hinterland Dry Sclerophyll Forests,(Dry Sclerophyll Forests (Shrubby sub-formation)) Sydney Hinterland Apple-Blackbutt Gully Forest
356931,3619,5922.174833904615298,164268.917683821433457,PCT : 3619,Sydney Hinterland Enriched Sandstone Bloodwood Forest,Dry Sclerophyll Forests (Shrubby sub-formation),Sydney Hinterland Dry Sclerophyll Forests,(Dry Sclerophyll Forests (Shrubby sub-formation)) Sydney Hinterland Enriched Sandstone Bloodwood Forest
357893,3628,3487.716981444306839,57496.548875369546295,PCT : 3628,Castlereagh Shrubby Swamp Woodland,Dry Sclerophyll Forests (Shrubby sub-formation),Sydney Sand Flats Dry Sclerophyll Forests,(Dry Sclerophyll Forests (Shrubby sub-formation)) Castlereagh Shrubby Swamp Woodland
358080,3629,4888.681878708471231,140301.824808380770264,PCT : 3629,Castlereagh Scribbly Gum Woodland,Dry Sclerophyll Forests (Shrubby sub-formation),Sydney Sand Flats Dry Sclerophyll Forests,(Dry Sclerophyll Forests (Shrubby sub-formation)) Castlereagh Scribbly Gum Woodland
358238,3963,6082.476789168732466,54507.990763795336534,PCT : 3963,Estuarine Reedland,Freshwater Wetlands,Coastal Freshwater Lagoons,(Freshwater Wetlands) Estuarine Reedland
358239,3963,5766.729953843233488,67401.997739455648116,PCT : 3963,Estuarine Reedland,Freshwater Wetlands,Coastal Freshwater Lagoons,(Freshwater Wetlands) Estuarine Reedland
358245,3972,5479.623738271202456,66875.599799538540537,PCT : 3972,Sydney Creekflat Wetland,Freshwater Wetlands,Coastal Freshwater Lagoons,(Freshwater Wetlands) Sydney Creekflat Wetland
358281,3985,4552.392916517471349,96286.673536017682636,PCT : 3985,Coastal Floodplain Swamp Paperbark Scrub,Forested Wetlands,Coastal Swamp Forests,(Forested Wetlands) Coastal Floodplain Swamp Paperbark Scrub
358282,4006,233.369148389950396,1184.970414014619109,PCT : 4006,Northern Paperbark-Swamp Mahogany Saw-sedge Forest,Forested Wetlands,Coastal Swamp Forests,(Forested Wetlands) Northern Paperbark-Swamp Mahogany Saw-sedge Forest
358326,4023,5692.624876502536608,76993.489849409306771,PCT : 4023,Coastal Valleys Swamp Oak Riparian Forest,Forested Wetlands,Coastal Floodplain Wetlands,(Forested Wetlands) Coastal Valleys Swamp Oak Riparian Forest
358327,4023,5223.552959429008297,69079.088631712496863,PCT : 4023,Coastal Valleys Swamp Oak Riparian Forest,Forested Wetlands,Coastal Floodplain Wetlands,(Forested Wetlands) Coastal Valleys Swamp Oak Riparian Forest
358333,4023,5115.060251443502239,71388.764685046917293,PCT : 4023,Coastal Valleys Swamp Oak Riparian Forest,Forested Wetlands,Coastal Floodplain Wetlands,(Forested Wetlands) Coastal Valleys Swamp Oak Riparian Forest
358335,4023,4997.604469723972215,95313.451927363043069,PCT : 4023,Coastal Valleys Swamp Oak Riparian Forest,Forested Wetlands,Coastal Floodplain Wetlands,(Forested Wetlands) Coastal Valleys Swamp Oak Riparian Forest
358372,4024,5519.616028406745500,60324.510410213442810,PCT : 4024,Cumberland Blue Box Riverflat Forest,Forested Wetlands,Coastal Floodplain Wetlands,(Forested Wetlands) Cumberland Blue Box Riverflat Forest
358373,4024,5587.935271078064034,55957.501628827041714,PCT : 4024,Cumberland Blue Box Riverflat Forest,Forested Wetlands,Coastal Floodplain Wetlands,(Forested Wetlands) Cumberland Blue Box Riverflat Forest
358374,4024,5708.959104223377835,58550.271953385396046,PCT : 4024,Cumberland Blue Box Riverflat Forest,Forested Wetlands,Coastal Floodplain Wetlands,(Forested Wetlands) Cumberland Blue Box Riverflat Forest
358375,4024,5634.424619849253759,63669.781691413212684,PCT : 4024,Cumberland Blue Box Riverflat Forest,Forested Wetlands,Coastal Floodplain Wetlands,(Forested Wetlands) Cumberland Blue Box Riverflat Forest
358376,4024,5442.058853934105173,52913.474915223268908,PCT : 4024,Cumberland Blue Box Riverflat Forest,Forested Wetlands,Coastal Floodplain Wetlands,(Forested Wetlands) Cumberland Blue Box Riverflat Forest
358391,4024,4786.545353684715337,79474.869312030699803,PCT : 4024,Cumberland Blue Box Riverflat Forest,Forested Wetlands,Coastal Floodplain Wetlands,(Forested Wetlands) Cumberland Blue Box Riverflat Forest
358393,4024,4804.989988106551209,58830.127130377368303,PCT : 4024,Cumberland Blue Box Riverflat Forest,Forested Wetlands,Coastal Floodplain Wetlands,(Forested Wetlands) Cumberland Blue Box Riverflat Forest
358394,4024,5878.496598659410665,202249.644609654671513,PCT : 4024,Cumberland Blue Box Riverflat Forest,Forested Wetlands,Coastal Floodplain Wetlands,(Forested Wetlands) Cumberland Blue Box Riverflat Forest
358395,4024,4240.345683961998475,74045.872875229673809,PCT : 4024,Cumberland Blue Box Riverflat Forest,Forested Wetlands,Coastal Floodplain Wetlands,(Forested Wetlands) Cumberland Blue Box Riverflat Forest
358396,4024,5538.281615463205526,81844.639812468944001,PCT : 4024,Cumberland Blue Box Riverflat Forest,Forested Wetlands,Coastal Floodplain Wetlands,(Forested Wetlands) Cumberland Blue Box Riverflat Forest
358397,4024,4919.431205621352092,106621.548435209930176,PCT : 4024,Cumberland Blue Box Riverflat Forest,Forested Wetlands,Coastal Floodplain Wetlands,(Forested Wetlands) Cumberland Blue Box Riverflat Forest
358398,4024,5678.737661372836556,88949.251760996761732,PCT : 4024,Cumberland Blue Box Riverflat Forest,Forested Wetlands,Coastal Floodplain Wetlands,(Forested Wetlands) Cumberland Blue Box Riverflat Forest
358409,4024,4699.534025749644570,51446.414952098202775,PCT : 4024,Cumberland Blue Box Riverflat Forest,Forested Wetlands,Coastal Floodplain Wetlands,(Forested Wetlands) Cumberland Blue Box Riverflat Forest
358410,4024,3572.563863725622923,43350.763116686881403,PCT : 4024,Cumberland Blue Box Riverflat Forest,Forested Wetlands,Coastal Floodplain Wetlands,(Forested Wetlands) Cumberland Blue Box Riverflat Forest
359107,4028,5600.423379636444224,40901.779197477982962,PCT : 4028,Estuarine Swamp Oak Twig-rush Forest,Forested Wetlands,Coastal Floodplain Wetlands,(Forested Wetlands) Estuarine Swamp Oak Twig-rush Forest
359108,4028,4969.347694525553379,47201.215376426342118,PCT : 4028,Estuarine Swamp Oak Twig-rush Forest,Forested Wetlands,Coastal Floodplain Wetlands,(Forested Wetlands) Estuarine Swamp Oak Twig-rush Forest
359109,4028,5429.089570033450400,42130.795571221249702,PCT : 4028,Estuarine Swamp Oak Twig-rush Forest,Forested Wetlands,Coastal Floodplain Wetlands,(Forested Wetlands) Estuarine Swamp Oak Twig-rush Forest
359110,4028,5929.540981298428960,49638.331155062522157,PCT : 4028,Estuarine Swamp Oak Twig-rush Forest,Forested Wetlands,Coastal Floodplain Wetlands,(Forested Wetlands) Estuarine Swamp Oak Twig-rush Forest
359111,4028,5479.075167226602389,48096.111339208146092,PCT : 4028,Estuarine Swamp Oak Twig-rush Forest,Forested Wetlands,Coastal Floodplain Wetlands,(Forested Wetlands) Estuarine Swamp Oak Twig-rush Forest
359112,4028,5668.620838533433925,60647.770802702034416,PCT : 4028,Estuarine Swamp Oak Twig-rush Forest,Forested Wetlands,Coastal Floodplain Wetlands,(Forested Wetlands) Estuarine Swamp Oak Twig-rush Forest
359113,4028,4835.181620232719069,82943.511794287900557,PCT : 4028,Estuarine Swamp Oak Twig-rush Forest,Forested Wetlands,Coastal Floodplain Wetlands,(Forested Wetlands) Estuarine Swamp Oak Twig-rush Forest
359114,4028,6073.404186650963311,88170.813108260190347,PCT : 4028,Estuarine Swamp Oak Twig-rush Forest,Forested Wetlands,Coastal Floodplain Wetlands,(Forested Wetlands) Estuarine Swamp Oak Twig-rush Forest
359115,4028,5320.474638405240512,131929.153264879016206,PCT : 4028,Estuarine Swamp Oak Twig-rush Forest,Forested Wetlands,Coastal Floodplain Wetlands,(Forested Wetlands) Estuarine Swamp Oak Twig-rush Forest
359116,4028,5485.004540269180325,57595.295849109432311,PCT : 4028,Estuarine Swamp Oak Twig-rush Forest,Forested Wetlands,Coastal Floodplain Wetlands,(Forested Wetlands) Estuarine Swamp Oak Twig-rush Forest
359117,4028,4813.641772957678768,57450.359672624130326,PCT : 4028,Estuarine Swamp Oak Twig-rush Forest,Forested Wetlands,Coastal Floodplain Wetlands,(Forested Wetlands) Estuarine Swamp Oak Twig-rush Forest
359386,4091,5792.559100789908371,65438.937452854130242,PCT : 4091,Grey Mangrove-River Mangrove Forest,Saline Wetlands,Mangrove Swamps,(Saline Wetlands) Grey Mangrove-River Mangrove Forest
359387,4091,5834.848638335053693,55840.639833807807008,PCT : 4091,Grey Mangrove-River Mangrove Forest,Saline Wetlands,Mangrove Swamps,(Saline Wetlands) Grey Mangrove-River Mangrove Forest
359388,4097,3067.584345123429557,36805.759329035558039,PCT : 4097,Samphire Saltmarsh,Saline Wetlands,Saltmarshes,(Saline Wetlands) Samphire Saltmarsh
359431,32767,6213.925858590501775,2805.387095447059892,PCT : 32767,Unattributed,Unattributed,Unattributed,(Unattributed) Unattributed
359432,32767,2076.995419161080463,1127.330347597905757,PCT : 32767,Unattributed,Unattributed,Unattributed,(Unattributed) Unattributed
324461,4091,5866.092324838270542,72634.656546943064313,PCT : 4091,Grey Mangrove-River Mangrove Forest,Saline Wetlands,Mangrove Swamps,(Saline Wetlands) Grey Mangrove-River Mangrove Forest
324461,4091,5866.092324838270542,72634.656546943064313,PCT : 4091,Grey Mangrove-River Mangrove Forest,Saline Wetlands,Mangrove Swamps,(Saline Wetlands) Grey Mangrove-River Mangrove Forest
