scientific_name,Trait Count
Acacia suaveolens,47
Phragmites australis,47
Acacia myrtifolia,46
Hardenbergia violacea,46
Kennedia rubicunda,45
Glycine tabacina,45
Banksia marginata,45
Themeda triandra,45
Acacia terminalis,44
Acacia floribunda,44
Lotus angustissimus,44
Cymbopogon refractus,44
Lachnagrostis filiformis,44
Castanospermum australe,44
Exocarpos cupressiformis,44
Glycine clandestina,44
Acacia saligna,44
Platylobium formosum,44
Acacia baileyana,44
Lomandra longifolia,44
Pultenaea mollis,43
Aotus ericoides,43
Syncarpia glomulifera,43
Pultenaea daphnoides,43
Viminaria juncea,43
Acacia schinoides,43
Acacia ulicifolia,43
Microlaena stipoides,43
Anisopogon avenaceus,43
Pultenaea tuberculata,43
Senna pendula,43
Pultenaea stipularis,43
Acacia podalyriifolia,43
Paspalum dilatatum,43
Bossiaea scolopendria,43
Cynodon dactylon,43
Acacia falcata,43
Rytidosperma caespitosum,43
Acacia linifolia,43
Acacia longissima,43
Phyllota phylicoides,43
Acacia dealbata,43
Sporobolus virginicus,43
Daviesia ulicifolia,43
Angophora hispida,43
Correa reflexa,43
Dichelachne crinita,43
Dillwynia retorta,43
Ehrharta erecta,42
Gompholobium glabratum,42
Acacia genistifolia,42
Sporobolus creber,42
Eragrostis brownii,42
Entolasia stricta,42
Indigofera australis,42
Hovea longifolia,42
Imperata cylindrica,42
Eucalyptus camaldulensis,42
Allocasuarina littoralis,42
Genista monspessulana,42
Acacia binervia,42
Melinis repens,42
Mirbelia rubiifolia,42
Setaria parviflora,42
Melaleuca linariifolia,42
Medicago polymorpha,42
Polypogon monspeliensis,42
Chloris truncata,42
Corymbia gummifera,42
Kennedia prostrata,42
Ozothamnus diosmifolius,42
Paspalum urvillei,42
Panicum simile,42
Arundo donax,42
Dipogon lignosus,42
Pultenaea flexilis,42
Vicia tetrasperma,42
Dichelachne micrantha,42
Desmodium rhytidophyllum,42
Desmodium varians,42
Lolium perenne,42
Chloris ventricosa,42
Bothriochloa macra,42
Bossiaea heterophylla,42
Trifolium campestre,42
Briza minor,42
Tricoryne elatior,42
Psidium guajava,42
Chrysocephalum apiculatum,42
Callistemon viminalis,42
Avena fatua,42
Austrostipa ramosissima,42
Austrostipa elegantissima,42
Austromyrtus tenuifolia,42
Vicia hirsuta,42
Rytidosperma pallidum,42
Avena sativa,42
Acacia decurrens,42
Acacia parvipinnula,41
Acacia hispidula,41
Deyeuxia quadriseta,41
Bidens pilosa,41
Austrostipa verticillata,41
Austrostipa pubescens,41
Andropogon virginicus,41
Digitaria parviflora,41
Digitaria diffusa,41
Paspalum vaginatum,41
Paspalum quadrifarium,41
Dillwynia rudis,41
Dillwynia floribunda,41
Cortaderia selloana,41
Swainsona formosa,41
Paraserianthes lophantha,41
Kunzea capitata,41
Kunzea ambigua,41
Sporobolus fertilis,41
Sporobolus elongatus,41
Harmogia densifolia,41
Micromyrtus ciliata,41
Banksia serrata,41
Axonopus fissifolius,41
Phalaris aquatica,41
Echinochloa crus-galli,41
Jacksonia scoparia,41
Coronidium elatum,41
Corymbia ficifolia,41
Corymbia calophylla,41
Vicia sativa,41
Podolobium ilicifolium,41
Chloris gayana,41
Chloris barbata,41
Setaria italica,41
Melilotus indicus,41
Rytidosperma tenuius,41
Rytidosperma setaceum,41
Aristida warburgii,41
Aristida vagans,41
Aristida ramosa,41
Amphibromus neesii,41
Anthoxanthum odoratum,41
Anthosachne scabra,41
Sporobolus africanus,41
Echinopogon ovatus,41
Echinopogon caespitosus,41
Eragrostis curvula,41
Eragrostis cilianensis,41
Entolasia marginata,41
Enteropogon acicularis,41
Hovea linearis,41
Sigesbeckia orientalis,41
Setaria palmifolia,41
Rytidosperma bipartitum,41
Gompholobium grandiflorum,41
Chloris virgata,41
Eragrostis parviflora,41
Eragrostis mexicana,41
Eragrostis leptostachya,41
Chascolytrum subaristatum,41
Cassinia aculeata,41
Eucalyptus haemastoma,41
Calytrix tetragona,41
Pultenaea villosa,41
Pultenaea retusa,41
Sorghum halepense,41
Sorghum bicolor,41
Trifolium dubium,41
Calotis cuneifolia,41
Bossiaea ensata,41
Bromus catharticus,41
Briza maxima,41
Triticum aestivum,41
Callistemon salignus,41
Spinifex sericeus,41
Sorghum leiocladum,41
Glycine microphylla,41
Medicago arabica,41
Trifolium repens,41
Trifolium glomeratum,41
Acacia mearnsii,41
Acacia longifolia,41
Acacia implexa,41
Acacia prominens,41
Leptospermum trinervium,41
Acacia burkittii,40
Zoysia macrantha,40
Acacia fimbriata,40
Acacia elata,40
Acacia echinula,40
Acacia cultriformis,40
Acacia buxifolia,40
Acacia saliciformis,40
Acacia rubida,40
Acacia pycnantha,40
Acacia maidenii,40
Xerochrysum bracteatum,40
Polypogon viridis,40
Acacia stricta,40
Agrostis capillaris,40
Acacia pubescens,40
Avena sterilis,40
Phyllota grandiflora,40
Acacia iteaphylla,40
Acacia irrorata,40
Callistemon citrinus,40
Acacia vestita,40
Hypochaeris radicata,40
Melaleuca squarrosa,40
Trifolium subterraneum,40
Acacia elongata,40
Pseudognaphalium luteoalbum,40
Bromus diandrus,40
Bromus brevis,40
Tristaniopsis laurina,40
Bromus rubens,40
Agonis flexuosa,40
Gleditsia triacanthos,40
Robinia pseudoacacia,40
Acacia parramattensis,40
Rytidosperma fulvum,40
Rytidosperma monticola,40
Chorizema cordatum,40
Nassella neesiana,40
Rostraria cristata,40
Setaria pumila,40
Rytidosperma pilosum,40
Ehrharta longiflora,40
Eucalyptus piperita,40
Eucalyptus pilularis,40
Capillipedium spicigerum,40
Eucalyptus crebra,40
Eucalyptus sideroxylon,40
Cenchrus longisetus,40
Eucalyptus grandis,40
Cenchrus clandestinus,40
Erythrina crista-galli,40
Capillipedium parviflorum,40
Eucalyptus paniculata,40
Bursaria spinosa,40
Eucalyptus viminalis,40
Sonchus oleraceus,40
Oplismenus hirtellus,40
Eriochloa pseudoacrotricha,40
Eragrostis elongata,40
Eragrostis laniflora,40
Entolasia whiteana,40
Hovea heterophylla,40
Chamelaucium uncinatum,40
Cenchrus setaceus,40
Rytidosperma longifolium,40
Melaleuca ericifolia,40
Bothriochloa decipiens,40
Leptospermum arachnoides,40
Leptospermum grandifolium,40
Leptospermum laevigatum,40
Cenchrus purpurascens,40
Daviesia acicularis,40
Dichelachne sieberiana,40
Dactylis glomerata,40
Dactyloctenium aegyptium,40
Daviesia corymbosa,40
Daviesia genistifolia,40
Digitaria ramularis,40
Digitaria eriantha,40
Daviesia squarrosa,40
Deyeuxia appressa,40
Vulpia myuros,40
Senna septemtrionalis,40
Phyllostachys nigra,40
Urochloa panicoides,40
Senna clavigera,40
Hemarthria uncinata,40
Paspalum notatum,40
Lachnagrostis aemula,40
Paspalidium criniforme,40
Paspalidium distans,40
Paspalidium gracile,40
Stenotaphrum secundatum,40
Pultenaea microphylla,40
Axonopus compressus,40
Phalaris canariensis,40
Megathyrsus maximus,40
Poa annua,40
Poa labillardierei,40
Paspalidium caespitosum,40
Corymbia eximia,40
Poa sieberiana,40
Poa pratensis,40
Eleusine tristachya,40
Eleusine indica,40
Hordeum glaucum,40
Hordeum hystrix,40
Syzygium paniculatum,40
Syzygium smithii,40
Poa affinis,40
Polypogon lutosus,40
Hyparrhenia hirta,40
Holcus lanatus,40
Saccharum officinarum,40
Bauera rubioides,40
Rytidosperma racemosum,40
Rytidosperma semiannulare,40
Lolium rigidum,40
Lolium multiflorum,40
Lolium arundinaceum,40
Aristida calycina,40
Acacia pravissima,40
Dianella revoluta,40
Dichanthium sericeum,40
Leptospermum polygalifolium,40
Vulpia bromoides,40
Avena barbata,40
Austrostipa setacea,40
Austrostipa rudis,40
Aira caryophyllea,40
Aira cupaniana,40
Vulpia muralis,40
Lagurus ovatus,40
Medicago minima,40
Angophora bakeri,40
Digitaria velutina,40
Digitaria sanguinalis,40
Oxytes brachypoda,40
Pandorea pandorana,40
Digitaria aequiglumis,40
Digitaria ciliaris,40
Digitaria didactyla,40
Dichelachne rara,40
Dichelachne inaequiglumis,40
Dichelachne parva,40
Dillwynia sericea,40
Digitaria violascens,40
Panicum effusum,40
Parapholis incurva,40
Eucalyptus obstans,39
Eucalyptus nicholii,39
Eucalyptus elata,39
Trifolium arvense,39
Callistemon linearis,39
Vittadinia cuneata,39
Glossocardia bidens,39
Melaleuca nodosa,39
Melaleuca leucadendra,39
Trifolium pratense,39
Ageratina adenophora,39
Almaleea paludosa,39
Genista linifolia,39
Acacia brownii,39
Acacia linearifolia,39
Acacia bynoeana,39
Acacia filicifolia,39
Acacia falciformis,39
Leptospermum scoparium,39
Melaleuca quinquenervia,39
Rhodamnia rubescens,39
Spartium junceum,39
Euchiton sphaericus,39
Euryomyrtus ramosissima,39
Pultenaea scabra,39
Pyrorchis nigricans,39
Pultenaea pedunculata,39
Bossiaea buxifolia,39
Bossiaea rhombifolia,39
Bossiaea prostrata,39
Eucalyptus amplifolia,39
Ageratina riparia,39
Mirbelia speciosa,39
Mirbelia baueri,39
Callistemon sieberi,39
Eucalyptus sieberi,39
Eclipta prostrata,39
Hovea purpurea,39
Hovea speciosa,39
Chrysocephalum semipapposum,39
Chorizema parviflorum,39
Erigeron bonariensis,39
Olearia microphylla,39
Gompholobium inconspicuum,39
Sannantha pluriflora,39
Cassinia longifolia,39
Eucalyptus resinifera,39
Eucalyptus robusta,39
Eucalyptus melliodora,39
Eucalyptus globoidea,39
Baeckea diosmifolia,39
Melilotus albus,39
Coreopsis lanceolata,39
Bidens subalternans,39
Pultenaea hispidula,39
Pultenaea linophylla,39
Pultenaea paleacea,39
Syzygium australe,39
Centipeda minima,39
Comesperma ericinum,39
Hypericum gramineum,39
Bauhinia variegata,39
Linum marginale,39
Leptospermum lanigerum,39
Syzygium moorei,39
Baeckea linifolia,39
Phaseolus vulgaris,39
Medicago truncatula,39
Crassocephalum crepidioides,39
Cotula coronopifolia,39
Convolvulus erubescens,39
Cirsium vulgare,39
Tetragonia tetragonoides,39
Tephrosia grandiflora,39
Lotus subbiflorus,39
Lotus corniculatus,39
Melaleuca bracteata,39
Lophostemon confertus,39
Pultenaea parviflora,39
Coronidium scorpioides,39
Dillwynia phylicoides,39
Dillwynia parvifolia,39
Dillwynia elegans,39
Dillwynia sieberi,39
Lactuca serriola,39
Corymbia torelliana,39
Swainsona galegifolia,39
Cytisus scoparius,39
Austromyrtus dulcis,39
Angophora costata,39
Leptospermum parvifolium,39
Senecio quadridentatus,39
Medicago lupulina,39
Ulex europaeus,39
Senna barronfieldii,39
Senna didymobotrya,39
Medicago sativa,39
Angophora subvelutina,39
Wisteria sinensis,39
Acacia boormanii,39
Leptospermum petersonii,38
Senecio madagascariensis,38
Youngia japonica,38
Melaleuca styphelioides,38
Melaleuca thymifolia,38
Brachyscome triloba,38
Symphyotrichum subulatum,38
Lagenophora gracilis,38
Leucopogon ericoides,38
Monotoca scoparia,38
Breynia oblongifolia,38
Billardiera scandens,38
Melaleuca sieberi,38
Goodenia ovata,38
Callistemon comboynensis,38
Acianthus fornicatus,38
Polyscias sambucifolia,38
Galinsoga parviflora,38
Rhytidosporum procumbens,38
Gamochaeta coarctata,38
Dodonaea triquetra,38
Cyanthillium cinereum,38
Cyathochaeta diandra,38
Cymbonotus lawsonianus,38
Calothamnus pinifolius,38
Cassinia laevis,38
Eucalyptus squamosa,38
Eucalyptus tereticornis,38
Eucalyptus umbra,38
Eucalyptus longifolia,38
Eucalyptus macrorhyncha,38
Eucalyptus moluccana,38
Cassinia trinerva,38
Calotis dentex,38
Callistemon pallidus,38
Eucalyptus punctata,38
Stylidium graminifolium,38
Cotula australis,38
Crassula sieberiana,38
Eucalyptus racemosa,38
Eucalyptus camfieldii,38
Eucalyptus saligna,38
Eucalyptus scoparia,38
Eucalyptus siderophloia,38
Eucalyptus consideniana,38
Eucalyptus eugenioides,38
Eucalyptus fibrosa,38
Erigeron sumatrensis,38
Eucalyptus major,38
Eucalyptus microcorys,38
Eucalyptus acmenoides,38
Eucalyptus baueriana,38
Eucalyptus bosistoana,38
Eucalyptus botryoides,38
Olearia viscidula,38
Drosera auriculata,38
Drosera peltata,38
Eucalyptus canaliculata,38
Eucalyptus capitellata,38
Eucalyptus chlorophylla,38
Erechtites valerianifolius,38
Lomandra filiformis,38
Leptospermum juniperinum,38
Amyema miquelii,38
Tagetes minuta,38
Corymbia citriodora,38
Corymbia maculata,38
Backhousia myrtifolia,38
Metrosideros excelsa,38
Melaleuca armillaris,38
Melaleuca deanei,38
Angophora floribunda,38
Senecio hispidulus,38
Leptospermum polyanthum,37
Xanthium occidentale,37
Hibbertia riparia,37
Melaleuca decussata,37
Melaleuca diosmatifolia,37
Delairea odorata,37
Cyperus eragrostis,37
Isolepis inundata,37
Prasophyllum elatum,37
Persoonia linearis,37
Lactuca sativa,37
Microtis unifolia,37
Grevillea linearifolia,37
Bidens tripartita,37
Melaleuca hypericifolia,37
Machaerina juncea,37
Hypochaeris albiflora,37
Hypochaeris glabra,37
Hypolaena fastigiata,37
Ricinocarpos pinifolius,37
Roldana petasitis,37
Gonocarpus teucrioides,37
Clematis aristata,37
Corybas aconitiflorus,37
Callistemon linearifolius,37
Solenogyne bellioides,37
Gahnia sieberiana,37
Sphagneticola trilobata,37
Gamochaeta americana,37
Gamochaeta calviceps,37
Facelis retusa,37
Callistemon subulatus,37
Calochilus paludosus,37
Cassinia aureonitens,37
Cassinia denticulata,37
Schoenus apogon,37
Platysace lanceolata,37
Poranthera microphylla,37
Artemisia verlotiorum,37
Pelargonium australe,37
Euchiton involucratus,37
Soliva sessilis,37
Eustrephus latifolius,37
Eucalyptus parramattensis,37
Cassytha glabella,37
Calotis lappulacea,37
Callistemon pachyphyllus,37
Callistemon pinifolius,37
Eucalyptus polyanthemos,37
Cryptandra amara,37
Eucalyptus cladocalyx,37
Eucalyptus mannifera,37
Eucalyptus beyeriana,37
Erigeron canadensis,37
Cichorium intybus,37
Erigeron karvinskianus,37
Eucalyptus caleyi,37
Olearia elliptica,37
Dipodium punctatum,37
Dipodium roseum,37
Dipodium variegatum,37
Drosera glanduligera,37
Diuris maculata,37
Senecio minimus,37
Senecio prenanthoides,37
Senecio tenuiflorus,37
Hakea dactyloides,37
Brachyscome graminea,37
Pimelea linifolia,37
Melaleuca decora,37
Rumex brownii,37
Vittadinia gracilis,37
Vittadinia sulcata,37
Dianella caerulea,36
Wahlenbergia capillaris,36
Arthropodium milleflorum,36
Vittadinia pustulata,36
Rubus parvifolius,36
Juncus planifolius,36
Lomatia silaifolia,36
Urospermum picroides,36
Astroloma humifusum,36
Brachyloma daphnoides,36
Brachyscome multifida,36
Bidens alba,36
Leontodon saxatilis,36
Leontodon rhagadioloides,36
Caustis flexuosa,36
Corunastylis fimbriata,36
Euryops chrysanthemoides,36
Typha orientalis,36
Diuris aurea,36
Senecio pterophorus,36
Sarcochilus falcatus,36
Diuris sulphurea,36
Onopordum acanthium,36
Chrysanthemoides monilifera,36
Hydrocotyle laxiflora,36
Centaurea melitensis,36
Thelymitra pauciflora,36
Oxalis perennans,36
Lomandra glauca,36
Eriocephalus africanus,36
Conospermum taxifolium,36
Crepis capillaris,36
Centaurea cyanus,36
Cassinia ochracea,36
Cassinia sifton,36
Cassinia uncata,36
Sonchus asper,36
Carex inversa,36
Thelymitra carnea,36
Thelymitra ixioides,36
Gnaphalium polycaulon,36
Isolepis levynsiana,36
Lepidosperma concavum,36
Lagenophora stipitata,36
Glossodia minor,36
Acianthus caudatus,36
Gahnia clarkei,36
Geranium solanderi,36
Tragopogon porrifolius,36
Pterostylis nutans,36
Acianthus pusillus,36
Solidago altissima,36
Senecio angulatus,36
Ambrosia psilostachya,36
Pittosporum undulatum,36
Carduus nutans,36
Caleana major,36
Viola hederacea,36
Senecio bathurstianus,36
Caladenia catenata,36
Sphaeromorphaea australis,36
Calochilus campestris,36
Fimbristylis dichotoma,36
Gazania rigens,36
Dimorphotheca fruticosa,36
Gamochaeta purpurea,36
Cosmos sulphureus,36
Cryptostylis erecta,36
Dimorphotheca ecklonis,36
Ficinia nodosa,36
Calotis cuneata,36
Schoenoplectus tabernaemontani,36
Schoenus melanostachys,36
Calochilus robertsonii,36
Arctotheca calendula,36
Ambrosia artemisiifolia,36
Pterostylis concinna,36
Pterostylis curta,36
Senecio diaschides,36
Isolepis marginata,36
Lepidosperma laterale,36
Leptomeria acida,36
Leptinella longipes,36
Burchardia umbellata,36
Isopogon anemonifolius,36
Dichondra repens,36
Hakea teretifolia,36
Coronidium oxylepis,36
Zieria smithii,35
Hibbertia scandens,35
Cyperus polystachyos,35
Cyperus brevifolius,35
Hakea eriantha,35
Diuris punctata,35
Schoenoplectus subulatus,35
Pterostylis rufa,35
Correa alba,35
Hakea sericea,35
Pterostylis revoluta,35
Ranunculus lappaceus,35
Stypandra glauca,35
Corunastylis filiformis,35
Carex breviculmis,35
Dockrillia linguiformis,35
Pterostylis truncata,35
Calystegia marginata,35
Gahnia melanocarpa,35
Lyperanthus suaveolens,35
Exocarpos strictus,35
Corunastylis rufa,35
Erythrorchis cassythoides,35
Hibbertia acicularis,35
Dampiera stricta,35
Persicaria decipiens,35
Cyperus alterniflorus,35
Pterostylis gibbosa,35
Microtis parviflora,35
Isolepis prolifera,35
Phaius australis,35
Portulaca oleracea,35
Isopogon anethifolius,35
Persoonia levis,35
Lepidosperma filiforme,35
Dendrobium speciosum,35
Eleocharis sphacelata,35
Juncus subsecundus,35
Corybas fimbriatus,35
Isolepis cernua,35
Caladenia carnea,35
Pterostylis acuminata,35
Caladenia fuscata,35
Pterostylis obtusa,35
Caladenia tessellata,35
Schoenus moorei,35
Epacris microphylla,35
Cymbidium canaliculatum,35
Cyanicula caerulea,35
Cymbidium suave,35
Pterostylis pedunculata,35
Caladenia alata,35
Gonocarpus tetragynus,35
Smilax australis,35
Rhinerrhiza divitiflora,35
Allocasuarina paludosa,35
Pterostylis bicolor,35
Schoenus ericetorum,35
Pterostylis mutica,35
Gahnia erythrocarpa,35
Glossodia major,35
Machaerina acuta,35
Pterostylis grandiflora,35
Pterostylis longifolia,35
Acianthus exsertus,35
Tetraria capillaris,34
Arthropodium minus,34
Lambertia formosa,34
Wahlenbergia multicaulis,34
Casuarina glauca,34
Carex appressa,34
Carex fascicularis,34
Hydrocotyle sibthorpioides,34
Sarcochilus hartmannii,34
Cassytha pubescens,34
Banksia spinulosa,34
Drosera spatulata,34
Pterostylis saxicola,34
Asperula conferta,34
Spyridium parvifolium,34
Thelymitra peniculata,34
Wahlenbergia gracilis,34
Epacris obtusifolia,34
Oxalis corniculata,34
Chiloglottis diphylla,34
Chiloglottis formicifera,34
Pomaderris intermedia,34
Pelargonium inodorum,34
Solanum prinophyllum,34
Pterostylis chaetophora,34
Callicoma serratifolia,34
Caladenia picta,34
Dodonaea viscosa,34
Caesia parviflora,34
Plectranthus parviflorus,34
Caladenia capillata,34
Patersonia sericea,34
Calochilus gracillimus,34
Cycnogeton procerum,34
Cyperus odoratus,34
Lepidosperma urophorum,34
Hakea laurina,34
Solanum aviculare,34
Bulbophyllum globuliforme,34
Pterostylis erecta,34
Cladium procerum,34
Gahnia aspera,34
Bolboschoenus caldwellii,34
Philydrum lanuginosum,34
Utricularia dichotoma,34
Lepidosperma gunnii,34
Dendrobium kingianum,34
Cyperus difformis,34
Cyperus gracilis,34
Cyperus tetraphyllus,34
Leucopogon affinis,34
Wurmbea dioica,33
Myrsine howittiana,33
Grevillea sericea,33
Hypericum japonicum,33
Grevillea robusta,33
Grastidium baileyi,33
Samolus repens,33
Carex pumila,33
Pterostylis ampliata,33
Pomaderris lanigera,33
Pomaderris ferruginea,33
Alternanthera denticulata,33
Platysace ericoides,33
Atriplex semibaccata,33
Lobelia anceps,33
Boronia ledifolia,33
Persoonia pinifolia,33
Bolboschoenus fluviatilis,33
Banksia oblongifolia,33
Banksia integrifolia,33
Alphitonia excelsa,33
Juncus pallidus,33
Pterostylis oblonga,33
Cyperus albostriatus,33
Cyperus platystylis,33
Cryptostylis subulata,33
Lythrum hyssopifolia,33
Schoenus nitens,33
Eriostemon australasius,33
Oxalis exilis,33
Eleocharis gracilis,33
Einadia nutans,33
Gahnia filum,33
Opercularia varia,33
Geitonoplesium cymosum,33
Ficus rubiginosa,33
Plantago gaudichaudii,33
Commersonia dasyphylla,33
Parsonsia straminea,33
Pittosporum revolutum,32
Centella cordifolia,32
Triglochin striata,32
Veronica plebeia,32
Pseuderanthemum variabile,32
Banksia coccinea,32
Thysanotus juncifolius,32
Centella asiatica,32
Petrophile pulchella,32
Lissanthe strigosa,32
Urtica incisa,32
Patersonia glabrata,32
Viola betonicifolia,32
Isolepis sepulcralis,32
Scleria mackaviensis,32
Micrantheum ericoides,32
Mentha satureioides,32
Hypoxis hygrometrica,32
Muellerina eucalyptoides,32
Hibbertia empetrifolia,32
Hakea gibbosa,32
Mentha diemenica,32
Hakea salicifolia,32
Hibbertia linearis,32
Grevillea speciosa,32
Grevillea lanigera,32
Xanthosia pilosa,32
Leucopogon virgatus,32
Epacris pulchella,32
Ajuga australis,32
Laxmannia gracilis,32
Logania albiflora,32
Stephania japonica,32
Juncus homalocaulis,32
Juncus kraussii,32
Cyperus imbecillis,32
Lasiopetalum ferrugineum,32
Thelionema caespitosum,32
Drosera binata,32
Epidendrum radicans,32
Elaeocarpus reticulatus,32
Eriochilus petricola,32
Schoenoplectiella erecta,32
Geranium homeanum,32
Stackhousia viminea,32
Stenocarpus sinuatus,32
Cyperus congestus,32
Juncus usitatus,32
Drosera pygmaea,32
Cyperus laevis,32
Cyperus rotundus,32
Cyperus involucratus,32
Machaerina articulata,31
Grevillea juniperina,31
Hibbertia dentata,31
Hibbertia serpyllifolia,31
Hydrocotyle tripartita,31
Monotoca elliptica,31
Grevillea buxifolia,31
Grevillea rosmarinifolia,31
Rorippa laciniata,31
Lepidosperma latens,31
Cyperus reflexus,31
Ptilotus seminudus,31
Myoporum insulare,31
Selliera radicans,31
Eleocharis minuta,31
Ranunculus inundatus,31
Goodenia hederacea,31
Smilax glyciphylla,31
Psychotria loniceroides,31
Brunoniella pumilio,31
Clematis glycinoides,31
Persoonia lanceolata,31
Alisma plantago-aquatica,31
Livistona australis,31
Brachychiton populneus,31
Stenanthera pinifolia,31
Denhamia silvestris,31
Leucopogon juniperinus,31
Trachymene incisa,31
Cyperus mirus,31
Cyperus sesquiflorus,31
Styphelia triflora,31
Opercularia aspera,31
Cyperus aggregatus,31
Cyperus enervis,31
Grevillea victoriae,30
Melichrus procumbens,30
Hibbertia diffusa,30
Hakea propinqua,30
Xylomelum pyriforme,30
Haemodorum planifolium,30
Myrsine variabilis,30
Parsonsia lanceolata,30
Lomandra multiflora,30
Dianella longifolia,30
Suaeda australis,30
Glochidion ferdinandi,30
Spergularia marina,30
Einadia hastata,30
Galium gaudichaudii,30
Notelaea longifolia,30
Eucalyptus globulus,30
Ficus macrophylla,30
Diplachne fusca,30
Cissus antarctica,30
Persicaria lapathifolia,30
Telopea speciosissima,30
Banksia ericifolia,30
Leucopogon microphyllus,30
Cayratia clematidea,30
Capparis mitchellii,30
Cissus hypoglauca,30
Lomandra cylindrica,30
Lomandra micrantha,30
Sarcopetalum harveyanum,30
Banksia robur,30
Potamogeton crispus,30
Pomaderris discolor,30
Plantago debilis,30
Pomax umbellata,30
Aegiceras corniculatum,30
Lepyrodia scariosa,30
Abutilon oxycarpum,30
Xanthosia tridentata,29
Aphanopetalum resinosum,29
Polymeria calycina,29
Leichhardtia viridiflora,29
Lemna disperma,29
Lomandra confertifolia,29
Salicornia quinqueflora,29
Sambucus australasica,29
Scaevola albida,29
Potamogeton ochreatus,29
Phyllanthus hirtellus,29
Phyllanthus virgatus,29
Leichhardtia suaveolens,29
Utricularia lateriflora,29
Ludwigia peploides,29
Juncus flavidus,29
Utricularia australis,29
Eremophila debilis,29
Notothixos subaureus,29
Galium leiocarpum,29
Solanum stelligerum,29
Nymphoides crenata,29
Dracophyllum secundum,29
Orianthera pusilla,29
Cryptandra ericoides,29
Hibbertia aspera,29
Hakea lorea,29
Styphelia viridis,29
Persicaria hydropiper,29
Conospermum ericifolium,29
Conospermum longifolium,29
Hibbertia stricta,29
Ceratopetalum gummiferum,29
Grevillea mucronulata,29
Pomaderris brunnea,29
Leucopogon amplexicaulis,29
Vincetoxicum barbatum,29
Amyema pendula,28
Myoporum acuminatum,28
Auranticarpa rhombifolia,28
Leichhardtia rostrata,28
Asparagus asparagoides,28
Banksia undata,28
Philotheca myoporoides,28
Poranthera ericifolia,28
Phyllanthus gunnii,28
Potamogeton sulcatus,28
Luzula densiflora,28
Banksia aemula,28
Leucopogon attenuatus,28
Wahlenbergia ceracea,28
Woollsia pungens,28
Lobelia purpurascens,28
Commelina cyanea,28
Scutellaria humilis,28
Crassula helmsii,28
Hibbertia monogyna,28
Stellaria flaccida,28
Synoum glandulosum,28
Epilobium hirtigerum,28
Juncus vaginatus,28
Comesperma sphaerocarpum,28
Hydrocotyle acutiloba,28
Ceratopetalum apetalum,28
Carpobrotus glaucescens,28
Lobelia dentata,28
Poranthera corymbosa,28
Notelaea venosa,28
Omphacomeria acerba,28
Scaevola ramosissima,27
Avicennia marina,27
Leichhardtia flavescens,27
Juncus aridicola,27
Brunoniella australis,27
Philotheca trachyphylla,27
Macadamia tetraphylla,27
Dodonaea multijuga,27
Crinum pedunculatum,27
Hibiscus brachysiphonius,27
Thysanotus tuberosus,27
Trema tomentosa,27
Epacris longiflora,27
Cupaniopsis anacardioides,27
Dendrophthoe vitellina,27
Mitrasacme polymorpha,27
Goodenia paniculata,27
Melia azedarach,27
Grevillea tenuiloba,27
Ficus coronata,27
Grevillea insignis,27
Grevillea biternata,27
Grevillea banksii,27
Adenanthos sericeus,27
Pomaderris elliptica,27
Grevillea petrophiloides,27
Gonocarpus micranthus,27
Westringia eremicola,27
Wilsonia backhousei,26
Wahlenbergia littoricola,26
Amyema congener,26
Lepidium pseudohyssopifolium,26
Myriophyllum variifolium,26
Goodenia heterophylla,26
Gratiola pedunculata,26
Solanum americanum,26
Orthrosanthus multiflorus,26
Grevillea sphacelata,26
Sparganium subglobosum,26
Solanum linearifolium,26
Rhododendron lochiae,26
Muellerina celastroides,26
Epilobium billardiereanum,26
Centaurium erythraea,26
Samolus valerandi,26
Lasiopetalum macrophyllum,26
Lomandra obliqua,26
Juncus continuus,26
Petrophile sessilis,26
Petrophile canescens,26
Schoenus lepidosperma,26
Juncus remotiflorus,26
Persoonia nutans,26
Boronia anemonifolia,26
Convolvulus angustissimus,26
Hibbertia circumdans,26
Hibbertia pedunculata,26
Stellaria media,25
Cassytha phaeolasia,25
Macadamia integrifolia,25
Grevillea stenomera,25
Rumex acetosella,25
Erica lusitanica,25
Opercularia hispida,25
Xanthorrhoea minor,25
Verbena officinalis,25
Calandrinia pickeringii,25
Hakea archaeoides,25
Grevillea venusta,25
Hibbertia hypericoides,25
Philotheca scabra,25
Xanthorrhoea resinosa,25
Lysimachia arvensis,25
Banksia plagiocarpa,25
Geranium brevicaule,25
Hakea laevipes,25
Goodenia bellidifolia,25
Myoporum boninense,25
Litsea leefeana,25
Amaranthus macrocarpus,25
Dysphania pumilio,25
Einadia trigonos,25
Cryptandra propinqua,24
Styphelia laeta,24
Sida rhombifolia,24
Epacris purpurascens,24
Einadia polygonoides,24
Solanum nigrum,24
Westringia longifolia,24
Amyema gaudichaudii,24
Juncus polyanthemus,24
Stylidium laricifolium,24
Najas tenuifolia,24
Boronia pinnata,23
Heptapleurum actinophyllum,23
Hibbertia nitida,23
Palmeria scandens,23
Dysphania carinata,23
Nymphoides montana,23
Solanum pungetium,23
Galium aparine,23
Cycnogeton multifructum,23
Spyridium scortechinii,23
Mitrasacme paludosa,23
Apium prostratum,23
Euphorbia dallachyana,23
Lantana camara,23
Plantago lanceolata,23
Actinotus helianthi,23
Casuarina cunninghamiana,23
Atriplex australasica,23
Oxalis thompsoniae,22
Opercularia diphylla,22
Galium liratum,22
Asparagus aethiopicus,22
Platysace linearifolia,22
Asparagus officinalis,22
Eriocaulon scariosum,22
Oxalis chnoodes,22
Ficus benjamina,22
Muehlenbeckia gracillima,22
Rubus anglocandicans,22
Hibbertia vestita,22
Billardiera mutabilis,22
Polygonum aviculare,22
Xyris complanata,22
Xanthorrhoea concava,22
Lomandra brevis,22
Lomandra gracilis,22
Hemigenia purpurea,21
Philotheca difformis,21
Phytolacca octandra,21
Cerastium glomeratum,21
Agave americana,21
Rumex crispus,21
Dysphania glomulifera,21
Spergularia rubra,21
Verbascum virgatum,21
Lechenaultia biloba,21
Petrorhagia dubia,21
Eucalyptus alligatrix,20
Anthosachne kingiana,20
Wahlenbergia stricta,20
Allocasuarina torulosa,20
Asparagus plumosus,20
Verbena bonariensis,20
Toona ciliata,20
Persicaria strigosa,20
Cordyline petiolaris,20
Hymenosporum flavum,20
Zieria pilosa,20
Cordyline stricta,20
Pomaderris prunifolia,19
Euphorbia peplus,19
Asparagus scandens,19
Polycarpon tetraphyllum,19
Chlorophytum comosum,19
Hypericum perforatum,19
Leionema dentatum,19
Adansonia gregorii,19
Persoonia laurina,19
Clerodendrum tomentosum,19
Murraya paniculata,19
Emmenosperma alphitonioides,19
Asparagus africanus,18
Stylidium lineare,18
Homalanthus populifolius,18
Hibbertia fumana,18
Asparagus virgatus,18
Lomandra hystrix,18
Cochlospermum fraseri,18
Crowea saligna,18
Echium plantagineum,18
Doryanthes excelsa,18
Chorilaena quercifolia,17
Centaurium tenuiflorum,17
Romulea rosea,17
Modiola caroliniana,17
Ligustrum sinense,17
Ligustrum lucidum,17
Brachychiton acerifolius,17
Melicope micrococca,17
Schizomeria ovata,17
Yucca aloifolia,17
Prostanthera scutellarioides,17
Philotheca hispidula,17
Lycium ferocissimum,17
Ailanthus altissima,17
Actinotus minor,17
Xanthorrhoea media,16
Ranunculus repens,16
Rhamnus alaternus,16
Lomandra fluviatilis,16
Syngonium podophyllum,16
Pimelea spicata,16
Pennantia cunninghamii,16
Hibbertia puberula,16
Asterolasia correifolia,16
Plumbago zeylanica,16
Veronica arvensis,16
Juncus mollis,15
Xanthorrhoea arborea,15
Ricinus communis,15
Rumex hypogaeus,15
Linospadix monostachyos,15
Philotheca obovalis,15
Alchornea ilicifolia,15
Physalis peruviana,15
Plantago major,15
Lasiopetalum parviflorum,15
Ipomoea muelleri,15
Callitriche stagnalis,15
Hydrocotyle bonariensis,15
Passiflora foetida,15
Rumex conglomeratus,15
Foeniculum vulgare,15
Solanum mauritianum,15
Sherardia arvensis,15
Cinnamomum camphora,15
Stachys arvensis,14
Oxalis purpurea,14
Rumex sagittatus,14
Cryptandra spinescens,14
Ranunculus muricatus,14
Euphorbia maculata,14
Geranium molle,14
Anigozanthos flavidus,14
Pomaderris ligustrina,14
Gladiolus undulatus,14
Alyogyne huegelii,14
Eupomatia bennettii,14
Passiflora subpeltata,14
Pavonia hastata,14
Juncus tenuis,14
Brassica fruticulosa,14
Passiflora herbertiana,14
Guichenotia macrantha,14
Guioa semiglauca,14
Passiflora suberosa,14
Plectranthus intraterraneus,14
Philotheca salsolifolia,14
Philotheca buxifolia,14
Juncus capillaceus,14
Asparagus macowanii,14
Prostanthera teretifolia,14
Pseudanthus pimeleoides,14
Urena lobata,14
Juncus acutus,14
Atriplex prostrata,14
Archontophoenix cunninghamiana,14
Petrorhagia nanteuilii,13
Vincetoxicum woollsii,13
Polygala myrtifolia,13
Grevillea parviflora,13
Euphorbia paralias,13
Sagittaria platyphylla,13
Malva parviflora,13
Rumex vesicarius,13
Agave attenuata,13
Commersonia hermanniifolia,13
Cyclospermum leptophyllum,13
Dianella prunina,13
Ochna serrulata,13
Thunbergia alata,13
Colocasia esculenta,13
Cardiospermum grandiflorum,13
Passiflora edulis,13
Veronica persica,13
Araujia sericifera,13
Aristea ecklonii,13
Prunus persica,13
Ficus obliqua,12
Ficus microcarpa,12
Lonicera japonica,12
Lepidium didymum,12
Solanum chenopodioides,12
Solanum pseudocapsicum,12
Spergularia diandra,12
Richardia stellaris,12
Pandorea jasminoides,12
Sida spinosa,12
Potentilla indica,12
Watsonia meriana,12
Gomphocarpus fruticosus,12
Alocasia brisbanensis,12
Blandfordia grandiflora,12
Alstroemeria psittacina,12
Amaranthus hybridus,12
Melastoma affine,12
Darwinia fascicularis,12
Olea europaea,12
Capsella bursa-pastoris,12
Boronia barkeriana,12
Daucus carota,12
Cestrum parqui,12
Nothoscordum borbonicum,12
Correa baeuerlenii,12
Tradescantia fluminensis,12
Tricoryne simplex,12
Brassica rapa,12
Cardamine hirsuta,12
Pilea microphylla,11
Prunus cerasifera,11
Plantago coronopus,11
Polygonum arenastrum,11
Polygala virgata,11
Sisyrinchium rosulatum,11
Silene gallica,11
Hedera helix,11
Acer negundo,11
Ligustrum vulgare,11
Lilium formosanum,11
Solanum lycopersicum,11
Sisyrinchium micranthum,11
Anredera cordifolia,11
Phyllanthus tenellus,11
Physalis angulata,11
Lagunaria patersonia,11
Nelumbo nucifera,11
Diploglottis australis,11
Rubus moluccanus,11
Morus alba,11
Notelaea ovata,11
Rosa rubiginosa,11
Tetratheca juncea,11
Datura stramonium,11
Cardamine flexuosa,11
Mirabilis jalapa,11
Pyracantha angustifolia,11
Chenopodium murale,11
Chenopodium album,11
Oxalis pes-caprae,11
Canna indica,11
Quercus robur,11
Seringia hillii,11
Euphorbia lathyris,11
Epilobium ciliatum,11
Dysphania ambrosioides,11
Fumaria muralis,11
Sagina apetala,10
Linum trigynum,10
Fumaria capreolata,10
Zantedeschia aethiopica,10
Westringia fruticosa,10
Persicaria orientalis,10
Phebalium whitei,10
Lobelia andrewsii,10
Gonocarpus longifolius,10
Solanum seaforthianum,10
Persicaria capitata,10
Ludwigia peruviana,10
Typha latifolia,10
Apium graveolens,10
Verbena rigida,10
Pyracantha crenulata,10
Coleonema pulchellum,10
Verbena litoralis,10
Hibiscus heterophyllus,10
Schinus molle,10
Coprosma repens,10
Nerium oleander,10
Nicotiana tabacum,10
Cotoneaster glaucophyllus,10
Rorippa nasturtium-aquaticum,10
Stylidium productum,10
Diploglottis campbellii,10
Pistia stratiotes,9
Vinca major,9
Viola odorata,9
Alternanthera philoxeroides,9
Amaranthus viridis,9
Pontederia crassipes,9
Abutilon grandifolium,9
Sporadanthus gracilis,9
Utricularia uliginosa,9
Rubus laudatus,9
Talinum paniculatum,9
Convolvulus arvensis,9
Murraya koenigii,9
Nicandra physalodes,9
Catharanthus roseus,9
Cestrum nocturnum,9
Gladiolus carneus,9
Galium tricornutum,9
Salix babylonica,9
Salpichroa origanifolia,9
Egeria densa,9
Malva nicaeensis,9
Lasiopetalum rufum,9
Iris germanica,9
Hedychium gardnerianum,9
Heliotropium amplexicaule,9
Grevillea concinna,9
Grevillea diffusa,9
Impatiens walleriana,9
Ageratum houstonianum,9
Harpullia pendula,9
Ipomoea indica,9
Aloe arborescens,8
Allium triquetrum,8
Gomphocarpus physocarpus,8
Gomphrena celosioides,8
Solanum linnaeanum,8
Solanum betaceum,8
Lepidium bonariense,8
Salix cinerea,8
Solanum sisymbriifolium,8
Freesia laxa,8
Spergularia levis,8
Euphorbia prostrata,8
Malva neglecta,8
Ipomoea quamoclit,8
Ipomoea purpurea,8
Howea forsteriana,8
Ipomoea cairica,8
Ipheion uniflorum,8
Basella alba,8
Persicaria maculosa,8
Urtica urens,8
Tropaeolum majus,8
Paederia foetida,8
Abutilon theophrasti,8
Populus alba,8
Alternanthera pungens,8
Petroselinum crispum,8
Persea americana,8
Persicaria chinensis,8
Phoenix canariensis,8
Opuntia stricta,8
Asclepias curassavica,8
Oxalis latifolia,8
Toxicodendron succedaneum,8
Crassula multicava,8
Commersonia salviifolia,8
Conium maculatum,8
Tetratheca neglecta,8
Rhaphiolepis indica,8
Notelaea johnsonii,8
Rubus ulmifolius,8
Moraea flaccida,8
Misopates orontium,8
Erodium cicutarium,8
Dietes grandiflora,8
Dimorphotheca pluvialis,8
Dietes robinsoniana,8
Elattostachys xylocarpa,8
Asphodelus fistulosus,8
Opuntia microdasys,8
Euphorbia oblongata,8
Lysiosepalum involucratum,8
Sisymbrium officinale,7
Gloriosa superba,7
Gelsemium sempervirens,7
Sisymbrium irio,7
Linum usitatissimum,7
Hypoestes phyllostachya,7
Lamium amplexicaule,7
Lantana montevidensis,7
Plectranthus verticillatus,7
Aloe maculata,7
Polyosma rigidiuscula,7
Portulaca grandiflora,7
Hernandia bivalvis,7
Hibiscus mutabilis,7
Scutellaria racemosa,7
Opuntia monacantha,7
Paronychia brasiliana,7
Anethum graveolens,7
Alectryon tomentosus,7
Celtis occidentalis,7
Calystegia silvatica,7
Papaver hybridum,7
Nymphaea mexicana,7
Teucrium argutum,7
Nymphaea alba,7
Tecoma capensis,7
Opuntia tomentosa,7
Oxalis debilis,7
Washingtonia filifera,7
Prunus laurocerasus,7
Tecoma stans,7
Cotoneaster pannosus,7
Malva sylvestris,7
Euphorbia hyssopifolia,7
Darwinia taxifolia,7
Eriobotrya japonica,7
Dolichandra unguis-cati,7
Lobularia maritima,7
Cymbalaria muralis,7
Tritonia gladiolaris,7
Austrocylindropuntia cylindrica,6
Utricularia subulata,6
Bryophyllum delagoense,6
Bryophyllum pinnatum,6
Celtis australis,6
Cardamine occulta,6
Amaranthus powellii,6
Aristolochia elegans,6
Veronica lithophila,6
Verbena hispida,6
Parthenocissus quinquefolia,6
Passiflora caerulea,6
Papaver dubium,6
Rumex obtusifolius,6
Papaver somniferum,6
Opuntia elatior,6
Opuntia ficus-indica,6
Thunbergia grandiflora,6
Manihot grahamii,6
Narcissus tazetta,6
Oenothera mollissima,6
Oenothera glazioviana,6
Myriophyllum aquaticum,6
Seringia denticulata,6
Hirschfeldia incana,6
Jasminum polyanthum,6
Lepidium africanum,6
Freesia leichtlinii,6
Plantago myosuros,6
Populus nigra,6
Allocasuarina diminuta,6
Hippeastrum zephyranthum,6
Euphorbia serpens,6
Solanum chrysotrichum,6
Fumaria bastardii,6
Malus domestica,6
Mesembryanthemum cordifolium,6
Passiflora morifolia,6
Rumex pulcher,6
Agapanthus praecox,5
Convolvulus farinosus,5
Pyrus communis,5
Nandina domestica,5
Hedychium coronarium,5
Hibiscus rosa-sinensis,5
Hypoestes aristata,5
Gladiolus dalenii,5
Limnobium laevigatum,5
Plumbago auriculata,5
Westringia brevifolia,5
Hydrocleys nymphoides,5
Ficus pumila,5
Salix nigra,5
Spathodea campanulata,5
Triadica sebifera,5
Tradescantia zebrina,5
Ulmus parvifolia,5
Celtis sinensis,5
Austrocylindropuntia subulata,5
Rosa bracteata,5
Punica granatum,5
Photinia serratifolia,5
Viola banksii,5
Pistacia chinensis,5
Parietaria judaica,5
Viburnum odoratissimum,4
Broussonetia papyrifera,4
Vicia faba,4
Verbena incompta,4
Verbena quadrangularis,4
Afrohybanthus stellarioides,4
Aeonium arboreum,4
Acalypha australis,4
Prunus armeniaca,4
Heptapleurum arboricola,4
Campsis radicans,4
Nephrolepis cordifolia,4
Opuntia schickendantzii,4
Ruellia squarrosa,4
Rosmarinus officinalis,4
Euphorbia ophthalmica,4
Fraxinus angustifolia,4
Salvia hispanica,4
Ipomoea carnea,4
Jacaranda mimosifolia,4
Euphorbia tirucalli,4
Tillandsia usneoides,4
Tradescantia pallida,4
Opuntia leoglossa,4
Syagrus romanzoffiana,4
Anisomeles moschata,3
Pellaea falcata,3
Bryophyllum daigremontianum,3
Fraxinus griffithii,3
Hedera hibernica,3
Hippeastrum carinatum,3
Lablab purpureus,3
Tibouchina urvilleana,3
Cereus hildmannianus,3
Lagerstroemia indica,3
Ipomoea batatas,3
Cotoneaster coriaceus,3
Callisia fragrans,3
Euphorbia milii,3
Monstera deliciosa,3
Opuntia dillenii,3
Podranea ricasoliana,2
Populus deltoides,2
Harpephyllum caffrum,2
Justicia carnea,2
Phoenix reclinata,2
Tulbaghia violacea,2
Russelia equisetiformis,2
Citharexylum spinosum,2
Antigonon leptopus,2
Begonia cucullata,2
Liquidambar styraciflua,1
Cheilanthes sieberi,1
