scientific_name,Type Count
Acacia dealbata,6
Acacia decurrens,6
Yucca aloifolia,6
Acacia myrtifolia,6
Polyscias sambucifolia,6
Pittosporum undulatum,6
Platysace ericoides,6
Platysace lanceolata,6
Pennantia cunninghamii,6
Pseuderanthemum variabile,6
Psidium guajava,6
Parsonsia straminea,6
Palmeria scandens,6
Parsonsia lanceolata,6
Ptilotus seminudus,6
Omphacomeria acerba,6
Rhodamnia rubescens,6
Melaleuca styphelioides,6
Melaleuca thymifolia,6
Metrosideros excelsa,6
Micromyrtus ciliata,6
Melaleuca armillaris,6
Melaleuca bracteata,6
Melaleuca deanei,6
Melaleuca decora,6
Melaleuca decussata,6
Melaleuca diosmatifolia,6
Melaleuca ericifolia,6
Melaleuca hypericifolia,6
Melaleuca leucadendra,6
Melaleuca linariifolia,6
Melaleuca nodosa,6
Melaleuca quinquenervia,6
Melaleuca sieberi,6
Melaleuca squarrosa,6
Allocasuarina torulosa,6
Alphitonia excelsa,6
Agave americana,6
Agonis flexuosa,6
Lomandra multiflora,6
Lomandra obliqua,6
Lophostemon confertus,6
Lomandra brevis,6
Lomandra confertifolia,6
Lomandra cylindrica,6
Lomandra filiformis,6
Lomandra glauca,6
Lomandra gracilis,6
Lomandra hystrix,6
Lomandra longifolia,6
Lomandra micrantha,6
Linospadix monostachyos,6
Litsea leefeana,6
Livistona australis,6
Alternanthera denticulata,6
Amaranthus macrocarpus,6
Alisma plantago-aquatica,6
Allocasuarina littoralis,6
Allocasuarina paludosa,6
Leptospermum lanigerum,6
Leptospermum parvifolium,6
Leptospermum petersonii,6
Leptospermum polyanthum,6
Leptospermum polygalifolium,6
Leptospermum scoparium,6
Leptospermum trinervium,6
Leptomeria acida,6
Leptospermum arachnoides,6
Leptospermum grandifolium,6
Leptospermum juniperinum,6
Leptospermum laevigatum,6
Vincetoxicum barbatum,6
Vincetoxicum woollsii,6
Alstroemeria psittacina,6
Salicornia quinqueflora,6
Sambucus australasica,6
Sannantha pluriflora,6
Laxmannia gracilis,6
Leichhardtia flavescens,6
Leichhardtia rostrata,6
Leichhardtia suaveolens,6
Leichhardtia viridiflora,6
Kunzea ambigua,6
Kunzea capitata,6
Arthropodium milleflorum,6
Arthropodium minus,6
Angophora bakeri,6
Angophora costata,6
Angophora floribunda,6
Angophora hispida,6
Angophora subvelutina,6
Jacksonia scoparia,6
Hydrocotyle acutiloba,6
Hydrocotyle laxiflora,6
Hydrocotyle sibthorpioides,6
Hydrocotyle tripartita,6
Hakea sericea,6
Harmogia densifolia,6
Hakea laurina,6
Aphanopetalum resinosum,6
Apium prostratum,6
Grevillea robusta,6
Geranium solanderi,6
Euryomyrtus ramosissima,6
Eustrephus latifolius,6
Exocarpos cupressiformis,6
Exocarpos strictus,6
Eucalyptus sieberi,6
Eucalyptus squamosa,6
Eucalyptus tereticornis,6
Eucalyptus umbra,6
Eucalyptus viminalis,6
Eucalyptus moluccana,6
Eucalyptus nicholii,6
Eucalyptus obstans,6
Eucalyptus paniculata,6
Eucalyptus parramattensis,6
Eucalyptus pilularis,6
Eucalyptus piperita,6
Eucalyptus polyanthemos,6
Eucalyptus punctata,6
Eucalyptus racemosa,6
Eucalyptus resinifera,6
Eucalyptus robusta,6
Eucalyptus saligna,6
Avicennia marina,6
Asparagus aethiopicus,6
Asparagus africanus,6
Asparagus asparagoides,6
Asparagus officinalis,6
Asparagus plumosus,6
Asparagus scandens,6
Asparagus virgatus,6
Banksia integrifolia,6
Banksia marginata,6
Banksia spinulosa,6
Austromyrtus dulcis,6
Austromyrtus tenuifolia,6
Eucalyptus scoparia,6
Eucalyptus siderophloia,6
Eucalyptus sideroxylon,6
Eucalyptus cladocalyx,6
Eucalyptus consideniana,6
Eucalyptus crebra,6
Eucalyptus elata,6
Eucalyptus eugenioides,6
Eucalyptus fibrosa,6
Eucalyptus globoidea,6
Eucalyptus globulus,6
Eucalyptus grandis,6
Eucalyptus haemastoma,6
Eucalyptus longifolia,6
Eucalyptus macrorhyncha,6
Eucalyptus major,6
Backhousia myrtifolia,6
Baeckea diosmifolia,6
Baeckea linifolia,6
Eucalyptus mannifera,6
Eucalyptus melliodora,6
Eucalyptus microcorys,6
Erythrorchis cassythoides,6
Eucalyptus acmenoides,6
Eucalyptus amplifolia,6
Eucalyptus baueriana,6
Eucalyptus beyeriana,6
Eucalyptus bosistoana,6
Eucalyptus botryoides,6
Eucalyptus caleyi,6
Eucalyptus camaldulensis,6
Eucalyptus camfieldii,6
Eucalyptus canaliculata,6
Eucalyptus capitellata,6
Eucalyptus chlorophylla,6
Spyridium parvifolium,6
Dipodium punctatum,6
Dipodium roseum,6
Dipodium variegatum,6
Dodonaea viscosa,6
Syncarpia glomulifera,6
Brunoniella australis,6
Brunoniella pumilio,6
Bossiaea ensata,6
Bossiaea scolopendria,6
Cupaniopsis anacardioides,6
Corymbia torelliana,6
Crinum pedunculatum,6
Correa reflexa,6
Corymbia calophylla,6
Corymbia citriodora,6
Corymbia eximia,6
Corymbia ficifolia,6
Corymbia gummifera,6
Corymbia maculata,6
Syzygium australe,6
Syzygium moorei,6
Syzygium paniculatum,6
Syzygium smithii,6
Tetragonia tetragonoides,6
Tristaniopsis laurina,6
Breynia oblongifolia,6
Cordyline petiolaris,6
Cordyline stricta,6
Cissus hypoglauca,6
Commelina cyanea,6
Chlorophytum comosum,6
Centella asiatica,6
Centella cordifolia,6
Chamelaucium uncinatum,6
Thysanotus juncifolius,6
Thysanotus tuberosus,6
Toona ciliata,6
Trachymene incisa,6
Castanospermum australe,6
Casuarina cunninghamiana,6
Casuarina glauca,6
Callistemon citrinus,6
Callistemon comboynensis,6
Callistemon linearifolius,6
Carpobrotus glaucescens,6
Cassytha glabella,6
Calytrix tetragona,6
Capparis mitchellii,6
Callistemon linearis,6
Callistemon pachyphyllus,6
Callistemon pallidus,6
Callistemon pinifolius,6
Callistemon salignus,6
Callistemon sieberi,6
Callistemon subulatus,6
Callistemon viminalis,6
Calothamnus pinifolius,6
Acacia falcata,6
Acacia genistifolia,6
Xanthosia pilosa,6
Xanthosia tridentata,6
Acacia burkittii,5
Abutilon oxycarpum,5
Zieria pilosa,5
Acacia baileyana,5
Acacia binervia,5
Acacia boormanii,5
Woollsia pungens,5
Wisteria sinensis,5
Wilsonia backhousei,5
Westringia longifolia,5
Westringia eremicola,5
Wahlenbergia stricta,5
Wahlenbergia multicaulis,5
Wahlenbergia littoricola,5
Wahlenbergia gracilis,5
Poa labillardierei,5
Poa pratensis,5
Poa sieberiana,5
Podolobium ilicifolium,5
Polygala myrtifolia,5
Polygonum aviculare,5
Polymeria calycina,5
Acacia irrorata,5
Acacia iteaphylla,5
Acacia linearifolia,5
Acacia linifolia,5
Acacia longifolia,5
Acacia longissima,5
Acacia maidenii,5
Acacia mearnsii,5
Acacia parramattensis,5
Cassinia laevis,5
Cassinia longifolia,5
Cassinia ochracea,5
Cassinia sifton,5
Cassinia trinerva,5
Cassinia uncata,5
Calotis dentex,5
Calotis lappulacea,5
Calystegia marginata,5
Capillipedium parviflorum,5
Capillipedium spicigerum,5
Carduus nutans,5
Callitriche stagnalis,5
Calochilus campestris,5
Calochilus gracillimus,5
Calochilus paludosus,5
Catharanthus roseus,5
Caustis flexuosa,5
Cayratia clematidea,5
Cenchrus clandestinus,5
Cenchrus longisetus,5
Cenchrus purpurascens,5
Cenchrus setaceus,5
Centaurea cyanus,5
Carex appressa,5
Carex breviculmis,5
Carex fascicularis,5
Carex inversa,5
Carex pumila,5
Cassinia aculeata,5
Cassinia aureonitens,5
Cassinia denticulata,5
Toxicodendron succedaneum,5
Cassytha phaeolasia,5
Cassytha pubescens,5
Bursaria spinosa,5
Caesia parviflora,5
Caladenia alata,5
Caladenia capillata,5
Caladenia carnea,5
Caladenia catenata,5
Caladenia fuscata,5
Caladenia picta,5
Caladenia tessellata,5
Calandrinia pickeringii,5
Caleana major,5
Callicoma serratifolia,5
Tragopogon porrifolius,5
Chrysocephalum semipapposum,5
Cichorium intybus,5
Centaurea melitensis,5
Centaurium erythraea,5
Centaurium tenuiflorum,5
Centipeda minima,5
Cerastium glomeratum,5
Ceratopetalum apetalum,5
Ceratopetalum gummiferum,5
Chascolytrum subaristatum,5
Thelymitra carnea,5
Thelymitra ixioides,5
Thelymitra pauciflora,5
Thelymitra peniculata,5
Themeda triandra,5
Thunbergia alata,5
Colocasia esculenta,5
Comesperma ericinum,5
Comesperma sphaerocarpum,5
Commersonia dasyphylla,5
Chiloglottis diphylla,5
Chiloglottis formicifera,5
Chloris barbata,5
Chloris gayana,5
Chloris truncata,5
Chloris ventricosa,5
Chloris virgata,5
Chorilaena quercifolia,5
Chorizema cordatum,5
Chorizema parviflorum,5
Chrysanthemoides monilifera,5
Chrysocephalum apiculatum,5
Briza minor,5
Bromus brevis,5
Conospermum longifolium,5
Conospermum taxifolium,5
Convolvulus angustissimus,5
Convolvulus erubescens,5
Coreopsis lanceolata,5
Coronidium elatum,5
Coronidium oxylepis,5
Cirsium vulgare,5
Cissus antarctica,5
Cladium procerum,5
Clematis aristata,5
Clematis glycinoides,5
Clerodendrum tomentosum,5
Cochlospermum fraseri,5
Tephrosia grandiflora,5
Tetraria capillaris,5
Thelionema caespitosum,5
Conospermum ericifolium,5
Trema tomentosa,5
Tricoryne elatior,5
Trifolium arvense,5
Trifolium campestre,5
Trifolium dubium,5
Trifolium glomeratum,5
Trifolium pratense,5
Trifolium repens,5
Trifolium subterraneum,5
Triglochin striata,5
Triticum aestivum,5
Briza maxima,5
Crassula helmsii,5
Crassula sieberiana,5
Crepis capillaris,5
Crowea saligna,5
Cryptandra amara,5
Cryptandra ericoides,5
Coronidium scorpioides,5
Correa alba,5
Cortaderia selloana,5
Corunastylis filiformis,5
Corunastylis fimbriata,5
Corunastylis rufa,5
Corybas aconitiflorus,5
Corybas fimbriatus,5
Tagetes minuta,5
Telopea speciosissima,5
Bossiaea rhombifolia,5
Bothriochloa decipiens,5
Bothriochloa macra,5
Cyanicula caerulea,5
Cyanthillium cinereum,5
Cyathochaeta diandra,5
Cyclospermum leptophyllum,5
Cycnogeton procerum,5
Cymbidium canaliculatum,5
Cymbidium suave,5
Cymbonotus lawsonianus,5
Cymbopogon refractus,5
Cosmos sulphureus,5
Cotula australis,5
Cotula coronopifolia,5
Crassocephalum crepidioides,5
Swainsona galegifolia,5
Symphyotrichum subulatum,5
Syngonium podophyllum,5
Synoum glandulosum,5
Cryptandra propinqua,5
Cryptostylis erecta,5
Cryptostylis subulata,5
Bromus catharticus,5
Bromus diandrus,5
Bromus rubens,5
Bulbophyllum globuliforme,5
Burchardia umbellata,5
Boronia pinnata,5
Bossiaea buxifolia,5
Bossiaea heterophylla,5
Bossiaea prostrata,5
Cyperus gracilis,5
Cyperus imbecillis,5
Cyperus involucratus,5
Cyperus laevis,5
Cyperus mirus,5
Cyperus odoratus,5
Cyperus platystylis,5
Stylidium graminifolium,5
Stylidium laricifolium,5
Stylidium lineare,5
Stypandra glauca,5
Styphelia laeta,5
Styphelia triflora,5
Styphelia viridis,5
Suaeda australis,5
Swainsona formosa,5
Cytisus scoparius,5
Dactylis glomerata,5
Dactyloctenium aegyptium,5
Dampiera stricta,5
Daviesia acicularis,5
Daviesia corymbosa,5
Daviesia genistifolia,5
Cynodon dactylon,5
Cyperus aggregatus,5
Cyperus albostriatus,5
Cyperus alterniflorus,5
Cyperus brevifolius,5
Cyperus congestus,5
Cyperus difformis,5
Cyperus enervis,5
Cyperus eragrostis,5
Dendrobium speciosum,5
Dendrophthoe vitellina,5
Denhamia silvestris,5
Desmodium rhytidophyllum,5
Desmodium varians,5
Deyeuxia appressa,5
Deyeuxia quadriseta,5
Dianella caerulea,5
Dianella longifolia,5
Dianella revoluta,5
Dichanthium sericeum,5
Cyperus polystachyos,5
Cyperus reflexus,5
Cyperus rotundus,5
Cyperus sesquiflorus,5
Cyperus tetraphyllus,5
Dichelachne micrantha,5
Dichelachne parva,5
Dichelachne rara,5
Dichelachne sieberiana,5
Dichondra repens,5
Digitaria aequiglumis,5
Digitaria ciliaris,5
Digitaria didactyla,5
Digitaria diffusa,5
Digitaria eriantha,5
Digitaria parviflora,5
Digitaria ramularis,5
Daviesia squarrosa,5
Daviesia ulicifolia,5
Delairea odorata,5
Dendrobium kingianum,5
Digitaria velutina,5
Digitaria violascens,5
Dillwynia elegans,5
Dillwynia floribunda,5
Dillwynia parvifolia,5
Dillwynia phylicoides,5
Dillwynia retorta,5
Dillwynia rudis,5
Dillwynia sericea,5
Dillwynia sieberi,5
Dimorphotheca ecklonis,5
Dimorphotheca fruticosa,5
Diplachne fusca,5
Diploglottis australis,5
Dichelachne crinita,5
Dichelachne inaequiglumis,5
Dysphania pumilio,5
Echinochloa crus-galli,5
Echinopogon caespitosus,5
Echinopogon ovatus,5
Echium plantagineum,5
Eclipta prostrata,5
Dipogon lignosus,5
Diuris aurea,5
Diuris maculata,5
Diuris punctata,5
Diuris sulphurea,5
Dockrillia linguiformis,5
Dodonaea multijuga,5
Dodonaea triquetra,5
Dracophyllum secundum,5
Digitaria sanguinalis,5
Spyridium scortechinii,5
Stackhousia viminea,5
Stellaria flaccida,5
Stellaria media,5
Stenanthera pinifolia,5
Stenocarpus sinuatus,5
Stenotaphrum secundatum,5
Stephania japonica,5
Drosera auriculata,5
Drosera binata,5
Drosera glanduligera,5
Drosera peltata,5
Drosera pygmaea,5
Drosera spatulata,5
Dysphania carinata,5
Dysphania glomulifera,5
Einadia nutans,5
Einadia polygonoides,5
Einadia trigonos,5
Elaeocarpus reticulatus,5
Eleocharis gracilis,5
Eleocharis minuta,5
Eleocharis sphacelata,5
Eleusine indica,5
Eleusine tristachya,5
Enteropogon acicularis,5
Entolasia marginata,5
Sporobolus africanus,5
Sporobolus creber,5
Sporobolus elongatus,5
Sporobolus fertilis,5
Sporobolus virginicus,5
Epacris longiflora,5
Epacris microphylla,5
Epacris obtusifolia,5
Epacris pulchella,5
Epacris purpurascens,5
Epidendrum radicans,5
Epilobium billardiereanum,5
Epilobium hirtigerum,5
Eragrostis brownii,5
Eragrostis cilianensis,5
Eragrostis curvula,5
Eragrostis elongata,5
Eragrostis laniflora,5
Ehrharta erecta,5
Ehrharta longiflora,5
Einadia hastata,5
Eragrostis mexicana,5
Eragrostis parviflora,5
Erechtites valerianifolius,5
Eremophila debilis,5
Erica lusitanica,5
Erigeron bonariensis,5
Erigeron canadensis,5
Erigeron karvinskianus,5
Erigeron sumatrensis,5
Eriocaulon scariosum,5
Eriocephalus africanus,5
Eriochilus petricola,5
Eriochloa pseudoacrotricha,5
Eriostemon australasius,5
Entolasia stricta,5
Entolasia whiteana,5
Brachyloma daphnoides,5
Brachyscome graminea,5
Brachyscome multifida,5
Brachyscome triloba,5
Typha orientalis,5
Ulex europaeus,5
Urochloa panicoides,5
Urospermum picroides,5
Urtica incisa,5
Utricularia australis,5
Utricularia dichotoma,5
Utricularia lateriflora,5
Bauera rubioides,5
Bauhinia variegata,5
Bidens alba,5
Eragrostis leptostachya,5
Bidens pilosa,5
Bidens subalternans,5
Bidens tripartita,5
Billardiera mutabilis,5
Billardiera scandens,5
Bolboschoenus caldwellii,5
Bolboschoenus fluviatilis,5
Boronia anemonifolia,5
Boronia ledifolia,5
Axonopus compressus,5
Axonopus fissifolius,5
Banksia aemula,5
Banksia coccinea,5
Erythrina crista-galli,5
Eucalyptus alligatrix,5
Brachychiton populneus,5
Avena fatua,5
Avena sativa,5
Avena sterilis,5
Asclepias curassavica,5
Asperula conferta,5
Banksia ericifolia,5
Banksia oblongifolia,5
Banksia plagiocarpa,5
Banksia robur,5
Banksia serrata,5
Banksia undata,5
Auranticarpa rhombifolia,5
Austrostipa elegantissima,5
Austrostipa pubescens,5
Austrostipa ramosissima,5
Austrostipa rudis,5
Spinifex sericeus,5
Eupomatia bennettii,5
Euryops chrysanthemoides,5
Facelis retusa,5
Ficinia nodosa,5
Ficus coronata,5
Ficus macrophylla,5
Ficus obliqua,5
Euchiton involucratus,5
Euchiton sphaericus,5
Euphorbia dallachyana,5
Euphorbia lathyris,5
Euphorbia peplus,5
Austrostipa setacea,5
Austrostipa verticillata,5
Avena barbata,5
Gahnia clarkei,5
Gahnia erythrocarpa,5
Gahnia filum,5
Gahnia melanocarpa,5
Soliva sessilis,5
Sonchus asper,5
Sonchus oleraceus,5
Sorghum bicolor,5
Sorghum halepense,5
Sorghum leiocladum,5
Sparganium subglobosum,5
Spartium junceum,5
Spergularia marina,5
Spergularia rubra,5
Sphaeromorphaea australis,5
Sphagneticola trilobata,5
Galium gaudichaudii,5
Galium leiocarpum,5
Galium liratum,5
Gamochaeta americana,5
Gamochaeta calviceps,5
Gamochaeta coarctata,5
Gamochaeta purpurea,5
Gazania rigens,5
Geitonoplesium cymosum,5
Genista linifolia,5
Genista monspessulana,5
Ficus rubiginosa,5
Fimbristylis dichotoma,5
Foeniculum vulgare,5
Fumaria muralis,5
Gahnia aspera,5
Solidago altissima,5
Geranium brevicaule,5
Geranium homeanum,5
Geranium molle,5
Gladiolus undulatus,5
Gleditsia triacanthos,5
Glochidion ferdinandi,5
Glossocardia bidens,5
Glossodia major,5
Glossodia minor,5
Glycine clandestina,5
Glycine microphylla,5
Glycine tabacina,5
Gahnia sieberiana,5
Galinsoga parviflora,5
Galium aparine,5
Gompholobium inconspicuum,5
Gonocarpus micranthus,5
Gonocarpus tetragynus,5
Gonocarpus teucrioides,5
Goodenia bellidifolia,5
Goodenia hederacea,5
Goodenia heterophylla,5
Goodenia ovata,5
Goodenia paniculata,5
Solanum linearifolium,5
Solanum mauritianum,5
Solanum nigrum,5
Solanum prinophyllum,5
Solanum pungetium,5
Solanum stelligerum,5
Solenogyne bellioides,5
Veronica plebeia,5
Vicia hirsuta,5
Araujia sericifera,5
Archontophoenix cunninghamiana,5
Arctotheca calendula,5
Grevillea juniperina,5
Grevillea lanigera,5
Grevillea linearifolia,5
Grevillea mucronulata,5
Grevillea petrophiloides,5
Grevillea rosmarinifolia,5
Gnaphalium polycaulon,5
Gomphocarpus fruticosus,5
Gomphocarpus physocarpus,5
Gompholobium glabratum,5
Gompholobium grandiflorum,5
Hakea laevipes,5
Grastidium baileyi,5
Gratiola pedunculata,5
Grevillea banksii,5
Grevillea biternata,5
Grevillea buxifolia,5
Grevillea insignis,5
Asphodelus fistulosus,5
Asterolasia correifolia,5
Astroloma humifusum,5
Atriplex australasica,5
Atriplex semibaccata,5
Verbascum virgatum,5
Verbena bonariensis,5
Verbena officinalis,5
Veronica arvensis,5
Smilax glyciphylla,5
Solanum americanum,5
Solanum aviculare,5
Grevillea sericea,5
Grevillea speciosa,5
Grevillea sphacelata,5
Grevillea stenomera,5
Grevillea tenuiloba,5
Grevillea venusta,5
Grevillea victoriae,5
Guioa semiglauca,5
Haemodorum planifolium,5
Hakea archaeoides,5
Hakea dactyloides,5
Hakea eriantha,5
Hakea gibbosa,5
Hibbertia pedunculata,5
Hakea lorea,5
Hakea propinqua,5
Hakea salicifolia,5
Hakea teretifolia,5
Hardenbergia violacea,5
Hedera helix,5
Hemarthria uncinata,5
Hemigenia purpurea,5
Setaria palmifolia,5
Setaria parviflora,5
Setaria pumila,5
Sherardia arvensis,5
Sida rhombifolia,5
Sigesbeckia orientalis,5
Smilax australis,5
Holcus lanatus,5
Homalanthus populifolius,5
Hordeum glaucum,5
Hordeum hystrix,5
Heptapleurum actinophyllum,5
Hibbertia acicularis,5
Hibbertia aspera,5
Hibbertia circumdans,5
Hibbertia dentata,5
Hibbertia diffusa,5
Hibbertia empetrifolia,5
Hibbertia fumana,5
Hibbertia hypericoides,5
Hibbertia linearis,5
Hibbertia monogyna,5
Hibbertia nitida,5
Senecio prenanthoides,5
Senecio pterophorus,5
Senecio quadridentatus,5
Senecio tenuiflorus,5
Senna barronfieldii,5
Senna clavigera,5
Senna didymobotrya,5
Senna pendula,5
Senna septemtrionalis,5
Setaria italica,5
Hibbertia riparia,5
Hibbertia scandens,5
Hibbertia serpyllifolia,5
Hibbertia stricta,5
Hibbertia vestita,5
Hibiscus brachysiphonius,5
Indigofera australis,5
Hovea heterophylla,5
Hovea linearis,5
Hovea longifolia,5
Hovea purpurea,5
Hovea speciosa,5
Howea forsteriana,5
Hydrocotyle bonariensis,5
Hymenosporum flavum,5
Hyparrhenia hirta,5
Hypericum gramineum,5
Hypericum japonicum,5
Senecio diaschides,5
Senecio hispidulus,5
Senecio madagascariensis,5
Senecio minimus,5
Isolepis cernua,5
Isolepis inundata,5
Isolepis levynsiana,5
Isolepis marginata,5
Isolepis prolifera,5
Isolepis sepulcralis,5
Isopogon anemonifolius,5
Isopogon anethifolius,5
Hypericum perforatum,5
Hypochaeris albiflora,5
Hypochaeris glabra,5
Hypochaeris radicata,5
Hypoestes phyllostachya,5
Hypolaena fastigiata,5
Hypoxis hygrometrica,5
Imperata cylindrica,5
Juncus vaginatus,5
Schizomeria ovata,5
Schoenoplectiella erecta,5
Schoenoplectus subulatus,5
Schoenoplectus tabernaemontani,5
Schoenus apogon,5
Schoenus ericetorum,5
Schoenus lepidosperma,5
Schoenus melanostachys,5
Schoenus moorei,5
Schoenus nitens,5
Scleria mackaviensis,5
Scutellaria humilis,5
Selliera radicans,5
Senecio angulatus,5
Senecio bathurstianus,5
Lagurus ovatus,5
Lambertia formosa,5
Juncus aridicola,5
Juncus capillaceus,5
Juncus continuus,5
Juncus flavidus,5
Juncus homalocaulis,5
Juncus kraussii,5
Juncus mollis,5
Juncus pallidus,5
Juncus planifolius,5
Juncus polyanthemus,5
Juncus remotiflorus,5
Juncus subsecundus,5
Juncus tenuis,5
Juncus usitatus,5
Kennedia rubicunda,5
Lachnagrostis aemula,5
Lachnagrostis filiformis,5
Lactuca sativa,5
Lactuca serriola,5
Lagenophora gracilis,5
Aristida calycina,5
Aristida ramosa,5
Aristida vagans,5
Aristida warburgii,5
Artemisia verlotiorum,5
Arundo donax,5
Andropogon virginicus,5
Anisopogon avenaceus,5
Anthosachne scabra,5
Lagenophora stipitata,5
Samolus repens,5
Samolus valerandi,5
Sarcochilus falcatus,5
Sarcochilus hartmannii,5
Sarcopetalum harveyanum,5
Scaevola albida,5
Scaevola ramosissima,5
Schinus molle,5
Lantana camara,5
Lasiopetalum ferrugineum,5
Lasiopetalum macrophyllum,5
Leionema dentatum,5
Lemna disperma,5
Leontodon rhagadioloides,5
Leontodon saxatilis,5
Kennedia prostrata,5
Lepidosperma laterale,5
Lepidosperma urophorum,5
Leptinella longipes,5
Anthoxanthum odoratum,5
Aotus ericoides,5
Vicia sativa,5
Vicia tetrasperma,5
Viminaria juncea,5
Viola betonicifolia,5
Viola hederacea,5
Vittadinia cuneata,5
Vittadinia gracilis,5
Vittadinia pustulata,5
Vittadinia sulcata,5
Vulpia bromoides,5
Vulpia muralis,5
Lobelia dentata,5
Lobelia purpurascens,5
Lepyrodia scariosa,5
Leucopogon affinis,5
Leucopogon amplexicaulis,5
Leucopogon attenuatus,5
Leucopogon ericoides,5
Leucopogon juniperinus,5
Leucopogon microphyllus,5
Leucopogon virgatus,5
Ligustrum lucidum,5
Lepidium pseudohyssopifolium,5
Lepidosperma concavum,5
Lepidosperma filiforme,5
Lepidosperma gunnii,5
Lepidosperma latens,5
Lomandra fluviatilis,5
Ligustrum vulgare,5
Linum marginale,5
Lissanthe strigosa,5
Amaranthus hybridus,5
Ambrosia artemisiifolia,5
Ambrosia psilostachya,5
Amphibromus neesii,5
Amyema congener,5
Amyema gaudichaudii,5
Amyema miquelii,5
Amyema pendula,5
Aira caryophyllea,5
Aira cupaniana,5
Ajuga australis,5
Lobelia anceps,5
Rytidosperma caespitosum,5
Rytidosperma fulvum,5
Rytidosperma longifolium,5
Rytidosperma monticola,5
Rytidosperma pallidum,5
Rytidosperma pilosum,5
Rytidosperma racemosum,5
Rytidosperma semiannulare,5
Rytidosperma setaceum,5
Rytidosperma tenuius,5
Saccharum officinarum,5
Logania albiflora,5
Lolium arundinaceum,5
Lolium multiflorum,5
Lolium perenne,5
Lolium rigidum,5
Ageratina adenophora,5
Ageratina riparia,5
Agrostis capillaris,5
Medicago polymorpha,5
Medicago sativa,5
Lomatia silaifolia,5
Lotus angustissimus,5
Lotus corniculatus,5
Lotus subbiflorus,5
Ludwigia peploides,5
Luzula densiflora,5
Lycium ferocissimum,5
Lyperanthus suaveolens,5
Lysimachia arvensis,5
Lythrum hyssopifolia,5
Rytidosperma bipartitum,5
Macadamia tetraphylla,5
Machaerina acuta,5
Machaerina articulata,5
Machaerina juncea,5
Medicago arabica,5
Medicago lupulina,5
Medicago minima,5
Almaleea paludosa,5
Alocasia brisbanensis,5
Aloe arborescens,5
Aloe maculata,5
Actinotus helianthi,5
Actinotus minor,5
Adansonia gregorii,5
Adenanthos sericeus,5
Aegiceras corniculatum,5
Acacia ulicifolia,5
Acacia vestita,5
Acianthus caudatus,5
Acianthus exsertus,5
Acianthus fornicatus,5
Acianthus pusillus,5
Acacia implexa,5
Melilotus indicus,5
Melinis repens,5
Mentha diemenica,5
Mentha satureioides,5
Micrantheum ericoides,5
Microlaena stipoides,5
Medicago truncatula,5
Megathyrsus maximus,5
Macadamia integrifolia,5
Monotoca scoparia,5
Muehlenbeckia gracillima,5
Melastoma affine,5
Melia azedarach,5
Melichrus procumbens,5
Melicope micrococca,5
Melilotus albus,5
Ailanthus altissima,5
Acacia pycnantha,5
Acacia rubida,5
Acacia saliciformis,5
Acacia saligna,5
Acacia schinoides,5
Acacia stricta,5
Acacia suaveolens,5
Acacia terminalis,5
Myrsine variabilis,5
Najas tenuifolia,5
Nassella neesiana,5
Rostraria cristata,5
Rubus anglocandicans,5
Rubus parvifolius,5
Rumex acetosella,5
Rumex brownii,5
Microtis parviflora,5
Microtis unifolia,5
Mirbelia baueri,5
Mirbelia rubiifolia,5
Mirbelia speciosa,5
Mitrasacme paludosa,5
Mitrasacme polymorpha,5
Monotoca elliptica,5
Rhytidosporum procumbens,5
Ricinocarpos pinifolius,5
Ricinus communis,5
Robinia pseudoacacia,5
Roldana petasitis,5
Romulea rosea,5
Rorippa laciniata,5
Rosa rubiginosa,5
Muellerina celastroides,5
Muellerina eucalyptoides,5
Murraya paniculata,5
Myoporum acuminatum,5
Myoporum boninense,5
Myoporum insulare,5
Myriophyllum variifolium,5
Myrsine howittiana,5
Pultenaea retusa,5
Pultenaea scabra,5
Pultenaea stipularis,5
Pultenaea tuberculata,5
Pultenaea villosa,5
Pyrorchis nigricans,5
Ranunculus inundatus,5
Ranunculus lappaceus,5
Ranunculus muricatus,5
Notelaea longifolia,5
Notelaea venosa,5
Nothoscordum borbonicum,5
Notothixos subaureus,5
Nymphoides crenata,5
Rhinerrhiza divitiflora,5
Rhododendron lochiae,5
Pultenaea hispidula,5
Pultenaea linophylla,5
Pultenaea microphylla,5
Pultenaea mollis,5
Pultenaea paleacea,5
Pultenaea parviflora,5
Olearia elliptica,5
Olearia microphylla,5
Olearia viscidula,5
Onopordum acanthium,5
Opercularia aspera,5
Opercularia diphylla,5
Opercularia hispida,5
Opercularia varia,5
Oplismenus hirtellus,5
Pultenaea pedunculata,5
Orianthera pusilla,5
Orthrosanthus multiflorus,5
Oxalis chnoodes,5
Oxalis corniculata,5
Oxalis exilis,5
Oxalis perennans,5
Oxalis thompsoniae,5
Pterostylis oblonga,5
Pterostylis obtusa,5
Pterostylis pedunculata,5
Pterostylis revoluta,5
Pterostylis rufa,5
Pterostylis saxicola,5
Pterostylis truncata,5
Pultenaea daphnoides,5
Pultenaea flexilis,5
Paspalidium criniforme,5
Paspalidium distans,5
Paspalidium gracile,5
Paspalum dilatatum,5
Paspalum notatum,5
Paspalum quadrifarium,5
Paspalum urvillei,5
Paspalum vaginatum,5
Oxytes brachypoda,5
Ozothamnus diosmifolius,5
Pandorea jasminoides,5
Pandorea pandorana,5
Panicum effusum,5
Panicum simile,5
Parapholis incurva,5
Paraserianthes lophantha,5
Persicaria lapathifolia,5
Pseudognaphalium luteoalbum,5
Psychotria loniceroides,5
Pterostylis acuminata,5
Pterostylis ampliata,5
Pterostylis bicolor,5
Pterostylis chaetophora,5
Pterostylis concinna,5
Pterostylis curta,5
Pterostylis erecta,5
Pterostylis gibbosa,5
Pterostylis grandiflora,5
Pterostylis longifolia,5
Pterostylis mutica,5
Pterostylis nutans,5
Paspalidium caespitosum,5
Persoonia pinifolia,5
Petrophile canescens,5
Petrophile pulchella,5
Petrophile sessilis,5
Petrorhagia dubia,5
Petrorhagia nanteuilii,5
Phaius australis,5
Phalaris aquatica,5
Passiflora suberosa,5
Passiflora subpeltata,5
Patersonia glabrata,5
Patersonia sericea,5
Pelargonium australe,5
Pelargonium inodorum,5
Persicaria decipiens,5
Persicaria hydropiper,5
Pseudanthus pimeleoides,5
Phalaris canariensis,5
Phaseolus vulgaris,5
Philotheca difformis,5
Philotheca hispidula,5
Philotheca myoporoides,5
Philotheca obovalis,5
Philotheca salsolifolia,5
Philotheca scabra,5
Philotheca trachyphylla,5
Philydrum lanuginosum,5
Phragmites australis,5
Persoonia lanceolata,5
Persoonia levis,5
Persoonia linearis,5
Persoonia nutans,5
Phytolacca octandra,5
Pimelea linifolia,5
Pimelea spicata,5
Pistia stratiotes,5
Pittosporum revolutum,5
Poranthera ericifolia,5
Poranthera microphylla,5
Portulaca oleracea,5
Potamogeton crispus,5
Potamogeton ochreatus,5
Potamogeton sulcatus,5
Prasophyllum elatum,5
Prostanthera scutellarioides,5
Prostanthera teretifolia,5
Prunus cerasifera,5
Prunus persica,5
Poranthera corymbosa,5
Plantago debilis,5
Plantago gaudichaudii,5
Plantago lanceolata,5
Plantago major,5
Platylobium formosum,5
Platysace linearifolia,5
Plectranthus parviflorus,5
Plumbago zeylanica,5
Phyllanthus gunnii,5
Phyllanthus hirtellus,5
Phyllanthus virgatus,5
Phyllostachys nigra,5
Phyllota grandiflora,5
Phyllota phylicoides,5
Physalis peruviana,5
Acacia parvipinnula,5
Acacia podalyriifolia,5
Acacia pravissima,5
Acacia prominens,5
Acacia pubescens,5
Vulpia myuros,5
Polypogon lutosus,5
Polypogon monspeliensis,5
Polypogon viridis,5
Pomaderris brunnea,5
Pomaderris discolor,5
Pomaderris elliptica,5
Pomaderris ferruginea,5
Pomaderris intermedia,5
Pomaderris lanigera,5
Pomax umbellata,5
Wahlenbergia ceracea,5
Acacia buxifolia,5
Acacia bynoeana,5
Acacia cultriformis,5
Zoysia macrantha,5
Zieria smithii,5
Acacia echinula,5
Acacia elata,5
Xerochrysum bracteatum,5
Xylomelum pyriforme,5
Xyris complanata,5
Youngia japonica,5
Zantedeschia aethiopica,5
Acacia brownii,5
Poa affinis,5
Poa annua,5
Calochilus robertsonii,5
Calotis cuneata,5
Calotis cuneifolia,5
Acacia elongata,5
Acacia falciformis,5
Acacia filicifolia,5
Acacia fimbriata,5
Acacia floribunda,5
Acacia hispidula,5
Wurmbea dioica,5
Xanthium occidentale,5
Xanthorrhoea arborea,5
Xanthorrhoea media,5
Xanthorrhoea minor,5
Xanthorrhoea resinosa,5
Wahlenbergia capillaris,5
Abutilon grandifolium,4
Xanthorrhoea concava,4
Abutilon theophrasti,4
Polycarpon tetraphyllum,4
Polygala virgata,4
Westringia fruticosa,4
Polyosma rigidiuscula,4
Pomaderris ligustrina,4
Pomaderris prunifolia,4
Pontederia crassipes,4
Watsonia meriana,4
Alternanthera pungens,4
Alternanthera philoxeroides,4
Vinca major,4
Anthosachne kingiana,4
Anredera cordifolia,4
Anigozanthos flavidus,4
Anethum graveolens,4
Aristolochia elegans,4
Aristea ecklonii,4
Apium graveolens,4
Passiflora edulis,4
Passiflora caerulea,4
Parthenocissus quinquefolia,4
Persicaria maculosa,4
Persicaria chinensis,4
Persicaria capitata,4
Persea americana,4
Pavonia hastata,4
Petroselinum crispum,4
Persoonia laurina,4
Persicaria strigosa,4
Persicaria orientalis,4
Phoenix canariensis,4
Opuntia tomentosa,4
Opuntia stricta,4
Opuntia monacantha,4
Opuntia microdasys,4
Passiflora morifolia,4
Passiflora herbertiana,4
Passiflora foetida,4
Veronica persica,4
Verbena rigida,4
Verbena litoralis,4
Utricularia uliginosa,4
Asparagus macowanii,4
Austrocylindropuntia cylindrica,4
Boronia barkeriana,4
Blandfordia grandiflora,4
Basella alba,4
Nerium oleander,4
Ranunculus repens,4
Quercus robur,4
Pyracantha crenulata,4
Pyracantha angustifolia,4
Opuntia ficus-indica,4
Opuntia elatior,4
Olea europaea,4
Oenothera mollissima,4
Oxalis purpurea,4
Rorippa nasturtium-aquaticum,4
Richardia stellaris,4
Rhaphiolepis indica,4
Rhamnus alaternus,4
Ochna serrulata,4
Nymphoides montana,4
Notelaea ovata,4
Notelaea johnsonii,4
Nicotiana tabacum,4
Nicandra physalodes,4
Urena lobata,4
Tropaeolum majus,4
Brassica fruticulosa,4
Brachychiton acerifolius,4
Brassica rapa,4
Tricoryne simplex,4
Misopates orontium,4
Mirabilis jalapa,4
Rumex sagittatus,4
Rumex hypogaeus,4
Rumex crispus,4
Rubus ulmifolius,4
Rubus moluccanus,4
Rubus laudatus,4
Nelumbo nucifera,4
Nandina domestica,4
Cardiospermum grandiflorum,4
Cardamine hirsuta,4
Cardamine flexuosa,4
Capsella bursa-pastoris,4
Tradescantia fluminensis,4
Cestrum parqui,4
Cestrum nocturnum,4
Coleonema pulchellum,4
Cinnamomum camphora,4
Coprosma repens,4
Convolvulus arvensis,4
Conium maculatum,4
Rumex vesicarius,4
Lysiosepalum involucratum,4
Ludwigia peruviana,4
Lonicera japonica,4
Malva sylvestris,4
Malva parviflora,4
Malva nicaeensis,4
Malva neglecta,4
Mesembryanthemum cordifolium,4
Morus alba,4
Modiola caroliniana,4
Lepidium didymum,4
Lobelia andrewsii,4
Linum trigynum,4
Ligustrum sinense,4
Sagittaria platyphylla,4
Sagina apetala,4
Commersonia salviifolia,4
Commersonia hermanniifolia,4
Tetratheca neglecta,4
Tetratheca juncea,4
Correa baeuerlenii,4
Cotoneaster pannosus,4
Cotoneaster glaucophyllus,4
Cycnogeton multifructum,4
Cryptandra spinescens,4
Iris germanica,4
Ipomoea quamoclit,4
Ipomoea muelleri,4
Lagunaria patersonia,4
Lechenaultia biloba,4
Lasiopetalum rufum,4
Lasiopetalum parviflorum,4
Lantana montevidensis,4
Salpichroa origanifolia,4
Daucus carota,4
Datura stramonium,4
Darwinia fascicularis,4
Dianella prunina,4
Dimorphotheca pluvialis,4
Doryanthes excelsa,4
Dolichandra unguis-cati,4
Diploglottis campbellii,4
Egeria densa,4
Stachys arvensis,4
Hibiscus heterophyllus,4
Seringia hillii,4
Ipomoea cairica,4
Ipheion uniflorum,4
Impatiens walleriana,4
Juncus acutus,4
Emmenosperma alphitonioides,4
Elattostachys xylocarpa,4
Epilobium ciliatum,4
Eriobotrya japonica,4
Euphorbia paralias,4
Euphorbia maculata,4
Ficus microcarpa,4
Ficus benjamina,4
Sisymbrium officinale,4
Silene gallica,4
Sida spinosa,4
Heliotropium amplexicaule,4
Hedychium gardnerianum,4
Hedychium coronarium,4
Harpullia pendula,4
Hibbertia puberula,4
Hernandia bivalvis,4
Fumaria capreolata,4
Solanum sisymbriifolium,4
Solanum seaforthianum,4
Solanum pseudocapsicum,4
Solanum lycopersicum,4
Solanum linnaeanum,4
Solanum chenopodioides,4
Solanum betaceum,4
Gonocarpus longifolius,4
Gomphrena celosioides,4
Grevillea parviflora,4
Grevillea concinna,4
Guichenotia macrantha,4
Sisyrinchium rosulatum,4
Sisyrinchium micranthum,4
Washingtonia filifera,4
Acer negundo,4
Ageratum houstonianum,4
Agave attenuata,4
Allocasuarina diminuta,4
Allium triquetrum,4
Alectryon tomentosus,4
Alchornea ilicifolia,4
Amaranthus viridis,4
Alyogyne huegelii,4
Philotheca buxifolia,4
Phebalium whitei,4
Prunus laurocerasus,4
Potentilla indica,4
Pistacia chinensis,4
Pilea microphylla,4
Physalis angulata,4
Phyllanthus tenellus,4
Plectranthus intraterraneus,4
Plantago coronopus,3
Plantago myosuros,3
Plectranthus verticillatus,3
Portulaca grandiflora,3
Plumbago auriculata,3
Solanum chrysotrichum,3
Amaranthus powellii,3
Euphorbia serpens,3
Hirschfeldia incana,3
Grevillea diffusa,3
Ficus pumila,3
Gelsemium sempervirens,3
Galium tricornutum,3
Gloriosa superba,3
Gladiolus carneus,3
Hippeastrum zephyranthum,3
Euphorbia prostrata,3
Spergularia levis,3
Spergularia diandra,3
Spathodea campanulata,3
Fumaria bastardii,3
Freesia leichtlinii,3
Freesia laxa,3
Sisymbrium irio,3
Dietes grandiflora,3
Dietes robinsoniana,3
Darwinia taxifolia,3
Stylidium productum,3
Syagrus romanzoffiana,3
Scutellaria racemosa,3
Hydrocleys nymphoides,3
Hypoestes aristata,3
Ipomoea indica,3
Hibiscus mutabilis,3
Jasminum polyanthum,3
Erodium cicutarium,3
Jacaranda mimosifolia,3
Euphorbia oblongata,3
Euphorbia hyssopifolia,3
Westringia brevifolia,3
Populus alba,3
Viola banksii,3
Viola odorata,3
Photinia serratifolia,3
Viburnum odoratissimum,3
Oxalis debilis,3
Punica granatum,3
Austrocylindropuntia subulata,3
Paederia foetida,3
Papaver dubium,3
Verbena hispida,3
Pyrus communis,3
Atriplex prostrata,3
Murraya koenigii,3
Dysphania ambrosioides,3
Crassula multicava,3
Ipomoea purpurea,3
Cymbalaria muralis,3
Lamium amplexicaule,3
Celtis australis,3
Celtis occidentalis,3
Lepidium bonariense,3
Moraea flaccida,3
Salix babylonica,3
Linum usitatissimum,3
Lilium formosanum,3
Lobularia maritima,3
Teucrium argutum,3
Tecoma stans,3
Tecoma capensis,3
Talinum paniculatum,3
Celtis sinensis,3
Chenopodium album,3
Thunbergia grandiflora,3
Malus domestica,3
Chenopodium murale,3
Convolvulus farinosus,3
Manihot grahamii,3
Veronica lithophila,3
Parietaria judaica,3
Papaver somniferum,3
Paronychia brasiliana,3
Papaver hybridum,3
Polygonum arenastrum,3
Rosa bracteata,3
Campsis radicans,3
Oxalis pes-caprae,3
Bryophyllum pinnatum,3
Tritonia gladiolaris,3
Typha latifolia,3
Ulmus parvifolia,3
Nymphaea alba,3
Urtica urens,3
Oenothera glazioviana,3
Nymphaea mexicana,3
Rumex conglomeratus,3
Bryophyllum delagoense,3
Triadica sebifera,3
Narcissus tazetta,3
Tradescantia zebrina,3
Canna indica,3
Calystegia silvatica,3
Populus nigra,2
Oxalis latifolia,2
Opuntia leoglossa,2
Myriophyllum aquaticum,2
Heptapleurum arboricola,2
Hedera hibernica,2
Gladiolus dalenii,2
Fraxinus griffithii,2
Euphorbia tirucalli,2
Aeonium arboreum,2
Acalypha australis,2
Afrohybanthus stellarioides,2
Agapanthus praecox,2
Fraxinus angustifolia,2
Prunus armeniaca,2
Salix nigra,2
Utricularia subulata,2
Lablab purpureus,2
Lagerstroemia indica,2
Ipomoea carnea,2
Salvia hispanica,2
Sporadanthus gracilis,2
Euphorbia ophthalmica,2
Seringia denticulata,2
Hibiscus rosa-sinensis,2
Monstera deliciosa,2
Salix cinerea,2
Limnobium laevigatum,2
Lepidium africanum,2
Cereus hildmannianus,2
Tillandsia usneoides,2
Tibouchina urvilleana,2
Tradescantia pallida,2
Pellaea falcata,2
Vicia faba,2
Ruellia squarrosa,2
Opuntia dillenii,2
Opuntia schickendantzii,2
Verbena quadrangularis,2
Verbena incompta,2
Nephrolepis cordifolia,2
Callisia fragrans,2
Cardamine occulta,2
Broussonetia papyrifera,2
Rosmarinus officinalis,2
Rumex obtusifolius,2
Rumex pulcher,2
Bryophyllum daigremontianum,2
Populus deltoides,1
Harpephyllum caffrum,1
Hippeastrum carinatum,1
Cheilanthes sieberi,1
Liquidambar styraciflua,1
Ipomoea batatas,1
Euphorbia milii,1
Justicia carnea,1
Cotoneaster coriaceus,1
Citharexylum spinosum,1
Russelia equisetiformis,1
Tulbaghia violacea,1
Begonia cucullata,1
Phoenix reclinata,1
Antigonon leptopus,1
Anisomeles moschata,1
Podranea ricasoliana,1
